<?xml version='1.0' encoding='UTF-8'?>
<!DOCTYPE rdf:RDF [
    <!ENTITY niod 'http://purl.org/collections/nl/niod/'>
    <!ENTITY ns1 'http://cs.vu.nl/eculture/map/'>
    <!ENTITY rdf 'http://www.w3.org/1999/02/22-rdf-syntax-ns#'>
    <!ENTITY rdfs 'http://www.w3.org/2000/01/rdf-schema#'>
    <!ENTITY skos 'http://www.w3.org/2004/02/skos/core#'>
		<!ENTITY dc 'http://purl.org/dc/elements/1.1/'>

]>

<rdf:RDF
    xmlns:niod="&niod;"
    xmlns:ns1="&ns1;"
    xmlns:rdf="&rdf;"
    xmlns:rdfs="&rdfs;"
    xmlns:skos="&skos;"
	xmlns:dc="&dc;"

>


<meta>
        <dc:identifier>botb_schema</dc:identifier>
        <dc:format>rdf/xml</dc:format>
        <dc:type>Resource Description Format</dc:type>
        <dc:coverage>The Netherlands</dc:coverage>
        <dc:coverage>World War II</dc:coverage>
        <dc:creator>De Jong, Loe</dc:creator>
	<dc:publisher>NIOD Instituut voor Oorlogs-, Holocaust- en Genocidestudies</dc:publisher>
        <dc:contributor>Boer, V. de</dc:contributor>
        <dc:contributor>Buitinck, L.</dc:contributor>
        <dc:contributor>Doornik, J. van</dc:contributor>
        <dc:contributor>Grootveld, M.</dc:contributor>
        <dc:contributor>Marx, M.</dc:contributor>
        <dc:contributor>Ribbens, K.</dc:contributor>
        <dc:contributor>Veken, T.</dc:contributor>
        <dc:rights>This work is licensed under a Creative Commons Attribution 3.0 Unported License</dc:rights>
        <dc:date>2012-12-20</dc:date>
        <dc:title>Linked Data versie van het schema van de Back of the Book index voor 'Het Koninkrijk der Nederlanden in de Tweede Wereldoorlog'</dc:title>
        <dc:description>RDF schema of the Back of the Book index for 'Het Koninkrijk der Nederlanden in de Tweede Wereldoorlog, digitally enriched and curated for
CLARIN-NL</dc:description>
        <dc:source>http://www.niod.nl/koninkrijk/default.asp</dc:source>
        <dc:subject>Verrijkt Koninkrijk</dc:subject>
        <dc:subject>Koninkrijk der Nederlanden in de Tweede Wereldoorlog</dc:subject>
        <dc:subject>Loe de Jong</dc:subject>
        <dc:subject>Linked Data</dc:subject>
        <dc:subject>Semantic Web</dc:subject>
        <dc:subject>Back of the book</dc:subject>
        <dc:subject>Schema</dc:subject>
        <dc:subject>RDF</dc:subject>
     <dc:subject>SKOS</dc:subject>
        <dc:relation>De Linked Data versie van de metadata van de verrijkte versie Koninkrijk der Nederlanden in de Tweede
Wereldoorlog [Resource is a version of metadata of 'Verrijkt Koninkrijk'][Relationship described is isVersionOf]</dc:relation>
        <dc:language>nld</dc:language>
    </meta>

<skos:ConceptScheme rdf:about="&niod;BotBScheme"
    rdfs:label="VK BoTB Concept Scheme"/>

<rdfs:Class rdf:about="&niod;Entry"
    rdfs:label="Entry"/>

<rdfs:Class rdf:about="&niod;Lemma"
    rdfs:label="Lemma"/>

<rdfs:Class rdf:about="&niod;PageRef"
    rdfs:label="PageRef"/>

<rdfs:Class rdf:about="&niod;See"
    rdfs:label="See"/>

<rdfs:Class rdf:about="&niod;SeeAlso"
    rdfs:label="SeeAlso"/>

<rdf:Property rdf:about="&niod;original"
    rdfs:label="original">
  <rdfs:range rdf:resource="&rdfs;Literal"/>
</rdf:Property>

<rdf:Property rdf:about="&niod;pageRef"
    rdfs:label="pageRef"/>

<rdf:Property rdf:about="&niod;parRef"
    rdfs:label="parRef">
  <rdfs:domain rdf:resource="&rdfs;Resource"/>
  <rdfs:range rdf:resource="&rdf;Resource"/>
</rdf:Property>

<rdf:Property rdf:about="&niod;quote"
    rdfs:label="quote">
  <rdfs:range rdf:resource="&rdfs;Literal"/>
</rdf:Property>

<rdf:Property rdf:about="&niod;see"
    rdfs:label="see">
  <rdfs:range rdf:resource="&rdfs;Literal"/>
</rdf:Property>

<rdf:Property rdf:about="&niod;seeAlso"
    rdfs:label="seeAlso">
  <rdfs:range rdf:resource="&rdfs;Literal"/>
</rdf:Property>

<rdf:Property rdf:about="&niod;vkId"
    ns1:xmlname="vk:id"
    rdfs:label="vkId">
  <rdfs:range rdf:resource="&rdfs;Literal"/>
</rdf:Property>

<rdf:Property rdf:about="&niod;vkVol"
    ns1:xmlname="vk:vol"
    rdfs:label="vkVol">
  <rdfs:domain rdf:resource="&rdfs;Resource"/>
  <rdfs:range rdf:resource="&rdfs;Literal"/>
</rdf:Property>

</rdf:RDF>
