<?xml version='1.0' encoding='UTF-8'?>
<!DOCTYPE rdf:RDF [
    <!ENTITY niod 'http://purl.org/collections/nl/niod/'>
    <!ENTITY rdf 'http://www.w3.org/1999/02/22-rdf-syntax-ns#'>
    <!ENTITY skos 'http://www.w3.org/2004/02/skos/core#'>
		<!ENTITY dc 'http://purl.org/dc/elements/1.1/'>

]>

<rdf:RDF
    xmlns:niod="&niod;"
    xmlns:rdf="&rdf;"
    xmlns:skos="&skos;"
	xmlns:dc="&dc;"
>


<meta>
        <dc:identifier>botb_geonamesmapping_unamb</dc:identifier>
        <dc:format>rdf/xml</dc:format>
        <dc:type>Resource Description Format</dc:type>
        <dc:coverage>The Netherlands</dc:coverage>
        <dc:coverage>World War II</dc:coverage>
        <dc:creator>De Jong, Loe</dc:creator>
	<dc:publisher>NIOD Instituut voor Oorlogs-, Holocaust- en Genocidestudies</dc:publisher>
        <dc:contributor>Boer, V. de</dc:contributor>
        <dc:contributor>Buitinck, L.</dc:contributor>
        <dc:contributor>Doornik, J. van</dc:contributor>
        <dc:contributor>Grootveld, M.</dc:contributor>
        <dc:contributor>Marx, M.</dc:contributor>
        <dc:contributor>Ribbens, K.</dc:contributor>
        <dc:contributor>Veken, T.</dc:contributor>
        <dc:rights>This work is licensed under a Creative Commons Attribution 3.0 Unported License</dc:rights>
        <dc:date>2012-12-20</dc:date>
        <dc:title>Linked Data versie van de Links van Back-of-the-book termen naar GeoNames voor 'Het Koninkrijk der Nederlanden in de Tweede Wereldoorlog'</dc:title>
        <dc:description>Linked Data version of Links from Back-of-the-book terms to GeoNames for 'Het Koninkrijk der Nederlanden in de Tweede Wereldoorlog, digitally enriched and curated for
CLARIN-NL</dc:description>
        <dc:source>http://www.niod.nl/koninkrijk/default.asp</dc:source>
        <dc:subject>Verrijkt Koninkrijk</dc:subject>
        <dc:subject>Koninkrijk der Nederlanden in de Tweede Wereldoorlog</dc:subject>
        <dc:subject>Loe de Jong</dc:subject>
        <dc:subject>Linked Data</dc:subject>
        <dc:subject>Semantic Web</dc:subject>
        <dc:subject>Back of the book</dc:subject>
		<dc:subject>index</dc:subject>
        <dc:subject>GeoNames</dc:subject>
        <dc:subject>RDF</dc:subject>
     <dc:subject>SKOS</dc:subject>
        <dc:relation>De Linked Data versie van de metadata van de verrijkte versie Koninkrijk der Nederlanden in de Tweede
Wereldoorlog [Resource is a version of metadata of 'Verrijkt Koninkrijk'][Relationship described is isVersionOf]</dc:relation>
        <dc:language>nld</dc:language>
    </meta>

<rdf:Description rdf:about="&niod;botb-Aalten">
  <skos:exactMatch rdf:resource="http://sws.geonames.org/2760123/"/>
</rdf:Description>

<rdf:Description rdf:about="&niod;botb-Aardenburg">
  <skos:exactMatch rdf:resource="http://sws.geonames.org/2760096/"/>
</rdf:Description>

<rdf:Description rdf:about="&niod;botb-Abbenes">
  <skos:exactMatch rdf:resource="http://sws.geonames.org/2760073/"/>
</rdf:Description>

<rdf:Description rdf:about="&niod;botb-Achterberg">
  <skos:exactMatch rdf:resource="http://sws.geonames.org/2760049/"/>
</rdf:Description>

<rdf:Description rdf:about="&niod;botb-Akkerwoude">
  <skos:exactMatch rdf:resource="http://sws.geonames.org/2759924/"/>
</rdf:Description>

<rdf:Description rdf:about="&niod;botb-Alblasserwaard">
  <skos:exactMatch rdf:resource="http://sws.geonames.org/2759913/"/>
</rdf:Description>

<rdf:Description rdf:about="&niod;botb-Alkmaardermeer">
  <skos:exactMatch rdf:resource="http://sws.geonames.org/2759897/"/>
</rdf:Description>

<rdf:Description rdf:about="&niod;botb-Almen">
  <skos:exactMatch rdf:resource="http://sws.geonames.org/2759884/"/>
</rdf:Description>

<rdf:Description rdf:about="&niod;botb-Almkerk">
  <skos:exactMatch rdf:resource="http://sws.geonames.org/2759878/"/>
</rdf:Description>

<rdf:Description rdf:about="&niod;botb-Amerongen">
  <skos:exactMatch rdf:resource="http://sws.geonames.org/2759828/"/>
</rdf:Description>

<rdf:Description rdf:about="&niod;botb-Amsterdams_Lyceum">
  <skos:exactMatch rdf:resource="http://sws.geonames.org/6951821/"/>
</rdf:Description>

<rdf:Description rdf:about="&niod;botb-Apeldoorns_kanaal">
  <skos:exactMatch rdf:resource="http://sws.geonames.org/2759704/"/>
</rdf:Description>

<rdf:Description rdf:about="&niod;botb-Appel">
  <skos:exactMatch rdf:resource="http://sws.geonames.org/2759700/"/>
</rdf:Description>

<rdf:Description rdf:about="&niod;botb-Appelscha">
  <skos:exactMatch rdf:resource="http://sws.geonames.org/2759698/"/>
</rdf:Description>

<rdf:Description rdf:about="&niod;botb-Appingedam">
  <skos:exactMatch rdf:resource="http://sws.geonames.org/2759687/"/>
</rdf:Description>

<rdf:Description rdf:about="&niod;botb-Assen">
  <skos:exactMatch rdf:resource="http://sws.geonames.org/2759633/"/>
</rdf:Description>

<rdf:Description rdf:about="&niod;botb-Asten">
  <skos:exactMatch rdf:resource="http://sws.geonames.org/2759621/"/>
</rdf:Description>

<rdf:Description rdf:about="&niod;botb-Baarle-Nassau">
  <skos:exactMatch rdf:resource="http://sws.geonames.org/2759554/"/>
</rdf:Description>

<rdf:Description rdf:about="&niod;botb-Bakel">
  <skos:exactMatch rdf:resource="http://sws.geonames.org/2759511/"/>
</rdf:Description>

<rdf:Description rdf:about="&niod;botb-Bantam">
  <skos:exactMatch rdf:resource="http://sws.geonames.org/2759432/"/>
</rdf:Description>

<rdf:Description rdf:about="&niod;botb-Barchem">
  <skos:exactMatch rdf:resource="http://sws.geonames.org/2759429/"/>
</rdf:Description>

<rdf:Description rdf:about="&niod;botb-Barneveld">
  <skos:exactMatch rdf:resource="http://sws.geonames.org/2759407/"/>
</rdf:Description>

<rdf:Description rdf:about="&niod;botb-Bathmen">
  <skos:exactMatch rdf:resource="http://sws.geonames.org/2759381/"/>
</rdf:Description>

<rdf:Description rdf:about="&niod;botb-Beegden">
  <skos:exactMatch rdf:resource="http://sws.geonames.org/2759353/"/>
</rdf:Description>

<rdf:Description rdf:about="&niod;botb-Beekbergen">
  <skos:exactMatch rdf:resource="http://sws.geonames.org/2759342/"/>
</rdf:Description>

<rdf:Description rdf:about="&niod;botb-Beesd">
  <skos:exactMatch rdf:resource="http://sws.geonames.org/2759288/"/>
</rdf:Description>

<rdf:Description rdf:about="&niod;botb-Beilen">
  <skos:exactMatch rdf:resource="http://sws.geonames.org/2759271/"/>
</rdf:Description>

<rdf:Description rdf:about="&niod;botb-Bellingwolde">
  <skos:exactMatch rdf:resource="http://sws.geonames.org/2759247/"/>
</rdf:Description>

<rdf:Description rdf:about="&niod;botb-Bemmel">
  <skos:exactMatch rdf:resource="http://sws.geonames.org/2759231/"/>
</rdf:Description>

<rdf:Description rdf:about="&niod;botb-Bennekom">
  <skos:exactMatch rdf:resource="http://sws.geonames.org/2759197/"/>
</rdf:Description>

<rdf:Description rdf:about="&niod;botb-Bergharen">
  <skos:exactMatch rdf:resource="http://sws.geonames.org/2759129/"/>
</rdf:Description>

<rdf:Description rdf:about="&niod;botb-Bergse_Maas">
  <skos:exactMatch rdf:resource="http://sws.geonames.org/2759114/"/>
</rdf:Description>

<rdf:Description rdf:about="&niod;botb-Bern">
  <skos:exactMatch rdf:resource="http://sws.geonames.org/2759053/"/>
</rdf:Description>

<rdf:Description rdf:about="&niod;botb-Best">
  <skos:exactMatch rdf:resource="http://sws.geonames.org/2759040/"/>
</rdf:Description>

<rdf:Description rdf:about="&niod;botb-Betuwe">
  <skos:exactMatch rdf:resource="http://sws.geonames.org/2759029/"/>
</rdf:Description>

<rdf:Description rdf:about="&niod;botb-Beusichem">
  <skos:exactMatch rdf:resource="http://sws.geonames.org/2759006/"/>
</rdf:Description>

<rdf:Description rdf:about="&niod;botb-Biesbos">
  <skos:exactMatch rdf:resource="http://sws.geonames.org/2758979/"/>
</rdf:Description>

<rdf:Description rdf:about="&niod;botb-Biggekerke">
  <skos:exactMatch rdf:resource="http://sws.geonames.org/2758956/"/>
</rdf:Description>

<rdf:Description rdf:about="&niod;botb-Bilthoven">
  <skos:exactMatch rdf:resource="http://sws.geonames.org/2758927/"/>
</rdf:Description>

<rdf:Description rdf:about="&niod;botb-Bleijerheide">
  <skos:exactMatch rdf:resource="http://sws.geonames.org/2758839/"/>
</rdf:Description>

<rdf:Description rdf:about="&niod;botb-Bleiswijk">
  <skos:exactMatch rdf:resource="http://sws.geonames.org/2758838/"/>
</rdf:Description>

<rdf:Description rdf:about="&niod;botb-Blerick">
  <skos:exactMatch rdf:resource="http://sws.geonames.org/2758831/"/>
</rdf:Description>

<rdf:Description rdf:about="&niod;botb-Blokzijl">
  <skos:exactMatch rdf:resource="http://sws.geonames.org/2758777/"/>
</rdf:Description>

<rdf:Description rdf:about="&niod;botb-Boekelo">
  <skos:exactMatch rdf:resource="http://sws.geonames.org/2758755/"/>
</rdf:Description>

<rdf:Description rdf:about="&niod;botb-Bohemen">
  <skos:exactMatch rdf:resource="http://sws.geonames.org/2758711/"/>
</rdf:Description>

<rdf:Description rdf:about="&niod;botb-Bolnes">
  <skos:exactMatch rdf:resource="http://sws.geonames.org/2758686/"/>
</rdf:Description>

<rdf:Description rdf:about="&niod;botb-Bommelerwaard">
  <skos:exactMatch rdf:resource="http://sws.geonames.org/2758673/"/>
</rdf:Description>

<rdf:Description rdf:about="&niod;botb-Borculo">
  <skos:exactMatch rdf:resource="http://sws.geonames.org/2758626/"/>
</rdf:Description>

<rdf:Description rdf:about="&niod;botb-Borger">
  <skos:exactMatch rdf:resource="http://sws.geonames.org/2758621/"/>
</rdf:Description>

<rdf:Description rdf:about="&niod;botb-Borgharen">
  <skos:exactMatch rdf:resource="http://sws.geonames.org/2758611/"/>
</rdf:Description>

<rdf:Description rdf:about="&niod;botb-Born">
  <skos:exactMatch rdf:resource="http://sws.geonames.org/2758602/"/>
</rdf:Description>

<rdf:Description rdf:about="&niod;botb-Borneo">
  <skos:exactMatch rdf:resource="http://sws.geonames.org/6544867/"/>
</rdf:Description>

<rdf:Description rdf:about="&niod;botb-Boxtel">
  <skos:exactMatch rdf:resource="http://sws.geonames.org/2758460/"/>
</rdf:Description>

<rdf:Description rdf:about="&niod;botb-Braakman">
  <skos:exactMatch rdf:resource="http://sws.geonames.org/2758444/"/>
</rdf:Description>

<rdf:Description rdf:about="&niod;botb-Breskens">
  <skos:exactMatch rdf:resource="http://sws.geonames.org/2758341/"/>
</rdf:Description>

<rdf:Description rdf:about="&niod;botb-Brummen">
  <skos:exactMatch rdf:resource="http://sws.geonames.org/2758177/"/>
</rdf:Description>

<rdf:Description rdf:about="&niod;botb-Buiksloot">
  <skos:exactMatch rdf:resource="http://sws.geonames.org/2758159/"/>
</rdf:Description>

<rdf:Description rdf:about="&niod;botb-Cadzand">
  <skos:exactMatch rdf:resource="http://sws.geonames.org/2758033/"/>
</rdf:Description>

<rdf:Description rdf:about="&niod;botb-Capelse_Veer">
  <skos:exactMatch rdf:resource="http://sws.geonames.org/2758006/"/>
</rdf:Description>

<rdf:Description rdf:about="&niod;botb-Coevorden">
  <skos:exactMatch rdf:resource="http://sws.geonames.org/2757937/"/>
</rdf:Description>

<rdf:Description rdf:about="&niod;botb-Cuba">
  <skos:exactMatch rdf:resource="http://sws.geonames.org/6946879/"/>
</rdf:Description>

<rdf:Description rdf:about="&niod;botb-Dalfsen">
  <skos:exactMatch rdf:resource="http://sws.geonames.org/2757850/"/>
</rdf:Description>

<rdf:Description rdf:about="&niod;botb-De_Stuw">
  <skos:exactMatch rdf:resource="http://sws.geonames.org/2757028/"/>
</rdf:Description>

<rdf:Description rdf:about="&niod;botb-De_Tijd">
  <skos:exactMatch rdf:resource="http://sws.geonames.org/6948786/"/>
</rdf:Description>

<rdf:Description rdf:about="&niod;botb-De_Toekomst">
  <skos:exactMatch rdf:resource="http://sws.geonames.org/2757020/"/>
</rdf:Description>

<rdf:Description rdf:about="&niod;botb-De_Waag">
  <skos:exactMatch rdf:resource="http://sws.geonames.org/6956386/"/>
</rdf:Description>

<rdf:Description rdf:about="&niod;botb-Delfzijl">
  <skos:exactMatch rdf:resource="http://sws.geonames.org/2757340/"/>
</rdf:Description>

<rdf:Description rdf:about="&niod;botb-Den_Dolder">
  <skos:exactMatch rdf:resource="http://sws.geonames.org/2757240/"/>
</rdf:Description>

<rdf:Description rdf:about="&niod;botb-Den_Dungen">
  <skos:exactMatch rdf:resource="http://sws.geonames.org/2757237/"/>
</rdf:Description>

<rdf:Description rdf:about="&niod;botb-Denekamp">
  <skos:exactMatch rdf:resource="http://sws.geonames.org/2757232/"/>
</rdf:Description>

<rdf:Description rdf:about="&niod;botb-Denemarken">
  <skos:exactMatch rdf:resource="http://sws.geonames.org/2757229/"/>
</rdf:Description>

<rdf:Description rdf:about="&niod;botb-Deurne">
  <skos:exactMatch rdf:resource="http://sws.geonames.org/2757009/"/>
</rdf:Description>

<rdf:Description rdf:about="&niod;botb-Deventer">
  <skos:exactMatch rdf:resource="http://sws.geonames.org/2756987/"/>
</rdf:Description>

<rdf:Description rdf:about="&niod;botb-Didam">
  <skos:exactMatch rdf:resource="http://sws.geonames.org/2756896/"/>
</rdf:Description>

<rdf:Description rdf:about="&niod;botb-Dieren">
  <skos:exactMatch rdf:resource="http://sws.geonames.org/2756865/"/>
</rdf:Description>

<rdf:Description rdf:about="&niod;botb-Diever">
  <skos:exactMatch rdf:resource="http://sws.geonames.org/2756855/"/>
</rdf:Description>

<rdf:Description rdf:about="&niod;botb-Dinteloord">
  <skos:exactMatch rdf:resource="http://sws.geonames.org/2756800/"/>
</rdf:Description>

<rdf:Description rdf:about="&niod;botb-Dinxperlo">
  <skos:exactMatch rdf:resource="http://sws.geonames.org/2756793/"/>
</rdf:Description>

<rdf:Description rdf:about="&niod;botb-Doetinchem">
  <skos:exactMatch rdf:resource="http://sws.geonames.org/2756767/"/>
</rdf:Description>

<rdf:Description rdf:about="&niod;botb-Dokkum">
  <skos:exactMatch rdf:resource="http://sws.geonames.org/2756759/"/>
</rdf:Description>

<rdf:Description rdf:about="&niod;botb-Dollard">
  <skos:exactMatch rdf:resource="http://sws.geonames.org/2756750/"/>
</rdf:Description>

<rdf:Description rdf:about="&niod;botb-Domburg">
  <skos:exactMatch rdf:resource="http://sws.geonames.org/2756746/"/>
</rdf:Description>

<rdf:Description rdf:about="&niod;botb-Dommel">
  <skos:exactMatch rdf:resource="http://sws.geonames.org/2756741/"/>
</rdf:Description>

<rdf:Description rdf:about="&niod;botb-Doorn">
  <skos:exactMatch rdf:resource="http://sws.geonames.org/2756686/"/>
</rdf:Description>

<rdf:Description rdf:about="&niod;botb-Drachten">
  <skos:exactMatch rdf:resource="http://sws.geonames.org/2756644/"/>
</rdf:Description>

<rdf:Description rdf:about="&niod;botb-Drimmelen">
  <skos:exactMatch rdf:resource="http://sws.geonames.org/2756569/"/>
</rdf:Description>

<rdf:Description rdf:about="&niod;botb-Dronrijp">
  <skos:exactMatch rdf:resource="http://sws.geonames.org/2756561/"/>
</rdf:Description>

<rdf:Description rdf:about="&niod;botb-Dronten">
  <skos:exactMatch rdf:resource="http://sws.geonames.org/2756559/"/>
</rdf:Description>

<rdf:Description rdf:about="&niod;botb-Drunen">
  <skos:exactMatch rdf:resource="http://sws.geonames.org/2756543/"/>
</rdf:Description>

<rdf:Description rdf:about="&niod;botb-Druten">
  <skos:exactMatch rdf:resource="http://sws.geonames.org/2756539/"/>
</rdf:Description>

<rdf:Description rdf:about="&niod;botb-Dubbeldam">
  <skos:exactMatch rdf:resource="http://sws.geonames.org/2756537/"/>
</rdf:Description>

<rdf:Description rdf:about="&niod;botb-Dussen">
  <skos:exactMatch rdf:resource="http://sws.geonames.org/2756483/"/>
</rdf:Description>

<rdf:Description rdf:about="&niod;botb-Echt">
  <skos:exactMatch rdf:resource="http://sws.geonames.org/2756444/"/>
</rdf:Description>

<rdf:Description rdf:about="&niod;botb-Ederveen">
  <skos:exactMatch rdf:resource="http://sws.geonames.org/2756426/"/>
</rdf:Description>

<rdf:Description rdf:about="&niod;botb-Eede">
  <skos:exactMatch rdf:resource="http://sws.geonames.org/2756419/"/>
</rdf:Description>

<rdf:Description rdf:about="&niod;botb-Egmond_aan_Zee">
  <skos:exactMatch rdf:resource="http://sws.geonames.org/2756301/"/>
</rdf:Description>

<rdf:Description rdf:about="&niod;botb-Egypte">
  <skos:exactMatch rdf:resource="http://sws.geonames.org/2756296/"/>
</rdf:Description>

<rdf:Description rdf:about="&niod;botb-Eibergen">
  <skos:exactMatch rdf:resource="http://sws.geonames.org/2756295/"/>
</rdf:Description>

<rdf:Description rdf:about="&niod;botb-Elburg">
  <skos:exactMatch rdf:resource="http://sws.geonames.org/2756232/"/>
</rdf:Description>

<rdf:Description rdf:about="&niod;botb-Ellecom">
  <skos:exactMatch rdf:resource="http://sws.geonames.org/2756200/"/>
</rdf:Description>

<rdf:Description rdf:about="&niod;botb-Elspeet">
  <skos:exactMatch rdf:resource="http://sws.geonames.org/2756165/"/>
</rdf:Description>

<rdf:Description rdf:about="&niod;botb-Enschede">
  <skos:exactMatch rdf:resource="http://sws.geonames.org/2756071/"/>
</rdf:Description>

<rdf:Description rdf:about="&niod;botb-Epe">
  <skos:exactMatch rdf:resource="http://sws.geonames.org/2756059/"/>
</rdf:Description>

<rdf:Description rdf:about="&niod;botb-Eysden">
  <skos:exactMatch rdf:resource="http://sws.geonames.org/2756283/"/>
</rdf:Description>

<rdf:Description rdf:about="&niod;botb-Franeker">
  <skos:exactMatch rdf:resource="http://sws.geonames.org/2755845/"/>
</rdf:Description>

<rdf:Description rdf:about="&niod;botb-Garderen">
  <skos:exactMatch rdf:resource="http://sws.geonames.org/2755732/"/>
</rdf:Description>

<rdf:Description rdf:about="&niod;botb-Gelderland">
  <skos:exactMatch rdf:resource="http://sws.geonames.org/2755634/"/>
</rdf:Description>

<rdf:Description rdf:about="&niod;botb-Gelderse_Vallei">
  <skos:exactMatch rdf:resource="http://sws.geonames.org/2755622/"/>
</rdf:Description>

<rdf:Description rdf:about="&niod;botb-Geldrop">
  <skos:exactMatch rdf:resource="http://sws.geonames.org/2755619/"/>
</rdf:Description>

<rdf:Description rdf:about="&niod;botb-Gemert">
  <skos:exactMatch rdf:resource="http://sws.geonames.org/2755605/"/>
</rdf:Description>

<rdf:Description rdf:about="&niod;botb-Gendringen">
  <skos:exactMatch rdf:resource="http://sws.geonames.org/2755599/"/>
</rdf:Description>

<rdf:Description rdf:about="&niod;botb-Genemuiden">
  <skos:exactMatch rdf:resource="http://sws.geonames.org/2755594/"/>
</rdf:Description>

<rdf:Description rdf:about="&niod;botb-Ginneken">
  <skos:exactMatch rdf:resource="http://sws.geonames.org/2755498/"/>
</rdf:Description>

<rdf:Description rdf:about="&niod;botb-Goirle">
  <skos:exactMatch rdf:resource="http://sws.geonames.org/2755464/"/>
</rdf:Description>

<rdf:Description rdf:about="&niod;botb-Gorssel">
  <skos:exactMatch rdf:resource="http://sws.geonames.org/2755428/"/>
</rdf:Description>

<rdf:Description rdf:about="&niod;botb-Grave">
  <skos:exactMatch rdf:resource="http://sws.geonames.org/2755358/"/>
</rdf:Description>

<rdf:Description rdf:about="&niod;botb-Grebbeberg">
  <skos:exactMatch rdf:resource="http://sws.geonames.org/2755351/"/>
</rdf:Description>

<rdf:Description rdf:about="&niod;botb-Groenlo">
  <skos:exactMatch rdf:resource="http://sws.geonames.org/2755281/"/>
</rdf:Description>

<rdf:Description rdf:about="&niod;botb-Groesbeek">
  <skos:exactMatch rdf:resource="http://sws.geonames.org/2755272/"/>
</rdf:Description>

<rdf:Description rdf:about="&niod;botb-Grouw">
  <skos:exactMatch rdf:resource="http://sws.geonames.org/2755052/"/>
</rdf:Description>

<rdf:Description rdf:about="&niod;botb-Haaksbergen">
  <skos:exactMatch rdf:resource="http://sws.geonames.org/2755030/"/>
</rdf:Description>

<rdf:Description rdf:about="&niod;botb-Haamstede">
  <skos:exactMatch rdf:resource="http://sws.geonames.org/2755023/"/>
</rdf:Description>

<rdf:Description rdf:about="&niod;botb-Haarlemmermeerpolder">
  <skos:exactMatch rdf:resource="http://sws.geonames.org/2754998/"/>
</rdf:Description>

<rdf:Description rdf:about="&niod;botb-Halle">
  <skos:exactMatch rdf:resource="http://sws.geonames.org/2754935/"/>
</rdf:Description>

<rdf:Description rdf:about="&niod;botb-Hansweert">
  <skos:exactMatch rdf:resource="http://sws.geonames.org/2754880/"/>
</rdf:Description>

<rdf:Description rdf:about="&niod;botb-Harkezijl">
  <skos:exactMatch rdf:resource="http://sws.geonames.org/2754820/"/>
</rdf:Description>

<rdf:Description rdf:about="&niod;botb-Hatert">
  <skos:exactMatch rdf:resource="http://sws.geonames.org/2754773/"/>
</rdf:Description>

<rdf:Description rdf:about="&niod;botb-Hattem">
  <skos:exactMatch rdf:resource="http://sws.geonames.org/2754768/"/>
</rdf:Description>

<rdf:Description rdf:about="&niod;botb-Hazerswoude">
  <skos:exactMatch rdf:resource="http://sws.geonames.org/2754724/"/>
</rdf:Description>

<rdf:Description rdf:about="&niod;botb-Heerde">
  <skos:exactMatch rdf:resource="http://sws.geonames.org/2754681/"/>
</rdf:Description>

<rdf:Description rdf:about="&niod;botb-Heerjansdam">
  <skos:exactMatch rdf:resource="http://sws.geonames.org/2754656/"/>
</rdf:Description>

<rdf:Description rdf:about="&niod;botb-Heerlen">
  <skos:exactMatch rdf:resource="http://sws.geonames.org/2754652/"/>
</rdf:Description>

<rdf:Description rdf:about="&niod;botb-Hekelingen">
  <skos:exactMatch rdf:resource="http://sws.geonames.org/2754491/"/>
</rdf:Description>

<rdf:Description rdf:about="&niod;botb-Helden">
  <skos:exactMatch rdf:resource="http://sws.geonames.org/2754482/"/>
</rdf:Description>

<rdf:Description rdf:about="&niod;botb-Helenaveen">
  <skos:exactMatch rdf:resource="http://sws.geonames.org/2754474/"/>
</rdf:Description>

<rdf:Description rdf:about="&niod;botb-Hellendoorn">
  <skos:exactMatch rdf:resource="http://sws.geonames.org/2754457/"/>
</rdf:Description>

<rdf:Description rdf:about="&niod;botb-Helmond">
  <skos:exactMatch rdf:resource="http://sws.geonames.org/2754447/"/>
</rdf:Description>

<rdf:Description rdf:about="&niod;botb-Helpman">
  <skos:exactMatch rdf:resource="http://sws.geonames.org/2754444/"/>
</rdf:Description>

<rdf:Description rdf:about="&niod;botb-Helvoirt">
  <skos:exactMatch rdf:resource="http://sws.geonames.org/2754440/"/>
</rdf:Description>

<rdf:Description rdf:about="&niod;botb-Hemmen">
  <skos:exactMatch rdf:resource="http://sws.geonames.org/2754420/"/>
</rdf:Description>

<rdf:Description rdf:about="&niod;botb-Heteren">
  <skos:exactMatch rdf:resource="http://sws.geonames.org/2754287/"/>
</rdf:Description>

<rdf:Description rdf:about="&niod;botb-Heumen">
  <skos:exactMatch rdf:resource="http://sws.geonames.org/2754147/"/>
</rdf:Description>

<rdf:Description rdf:about="&niod;botb-Heythuysen">
  <skos:exactMatch rdf:resource="http://sws.geonames.org/2754111/"/>
</rdf:Description>

<rdf:Description rdf:about="&niod;botb-Hillegersberg">
  <skos:exactMatch rdf:resource="http://sws.geonames.org/2754074/"/>
</rdf:Description>

<rdf:Description rdf:about="&niod;botb-Hindeloopen">
  <skos:exactMatch rdf:resource="http://sws.geonames.org/2754059/"/>
</rdf:Description>

<rdf:Description rdf:about="&niod;botb-Hoenderloo">
  <skos:exactMatch rdf:resource="http://sws.geonames.org/2754004/"/>
</rdf:Description>

<rdf:Description rdf:about="&niod;botb-Hoensbroek">
  <skos:exactMatch rdf:resource="http://sws.geonames.org/2753996/"/>
</rdf:Description>

<rdf:Description rdf:about="&niod;botb-Hollands_Diep">
  <skos:exactMatch rdf:resource="http://sws.geonames.org/2753912/"/>
</rdf:Description>

<rdf:Description rdf:about="&niod;botb-Holwierde">
  <skos:exactMatch rdf:resource="http://sws.geonames.org/2753846/"/>
</rdf:Description>

<rdf:Description rdf:about="&niod;botb-Hooghalen">
  <skos:exactMatch rdf:resource="http://sws.geonames.org/2753698/"/>
</rdf:Description>

<rdf:Description rdf:about="&niod;botb-Hoogkarspel">
  <skos:exactMatch rdf:resource="http://sws.geonames.org/2753691/"/>
</rdf:Description>

<rdf:Description rdf:about="&niod;botb-Hoogmade">
  <skos:exactMatch rdf:resource="http://sws.geonames.org/2753681/"/>
</rdf:Description>

<rdf:Description rdf:about="&niod;botb-Horssen">
  <skos:exactMatch rdf:resource="http://sws.geonames.org/2753593/"/>
</rdf:Description>

<rdf:Description rdf:about="&niod;botb-Huis_ten_Bosch">
  <skos:exactMatch rdf:resource="http://sws.geonames.org/2753492/"/>
</rdf:Description>

<rdf:Description rdf:about="&niod;botb-IJlst">
  <skos:exactMatch rdf:resource="http://sws.geonames.org/2753379/"/>
</rdf:Description>

<rdf:Description rdf:about="&niod;botb-Ierseke">
  <skos:exactMatch rdf:resource="http://sws.geonames.org/2744129/"/>
</rdf:Description>

<rdf:Description rdf:about="&niod;botb-Ijsselmuiden">
  <skos:exactMatch rdf:resource="http://sws.geonames.org/2753358/"/>
</rdf:Description>

<rdf:Description rdf:about="&niod;botb-Ijzendijke">
  <skos:exactMatch rdf:resource="http://sws.geonames.org/2753348/"/>
</rdf:Description>

<rdf:Description rdf:about="&niod;botb-Joure">
  <skos:exactMatch rdf:resource="http://sws.geonames.org/2753197/"/>
</rdf:Description>

<rdf:Description rdf:about="&niod;botb-Julianakanaal">
  <skos:exactMatch rdf:resource="http://sws.geonames.org/2753180/"/>
</rdf:Description>

<rdf:Description rdf:about="&niod;botb-Keizersveer">
  <skos:exactMatch rdf:resource="http://sws.geonames.org/2752971/"/>
</rdf:Description>

<rdf:Description rdf:about="&niod;botb-Kennemerland">
  <skos:exactMatch rdf:resource="http://sws.geonames.org/7302154/"/>
</rdf:Description>

<rdf:Description rdf:about="&niod;botb-Kerkrade">
  <skos:exactMatch rdf:resource="http://sws.geonames.org/2752923/"/>
</rdf:Description>

<rdf:Description rdf:about="&niod;botb-Kesteren">
  <skos:exactMatch rdf:resource="http://sws.geonames.org/2752899/"/>
</rdf:Description>

<rdf:Description rdf:about="&niod;botb-Kethel">
  <skos:exactMatch rdf:resource="http://sws.geonames.org/2752887/"/>
</rdf:Description>

<rdf:Description rdf:about="&niod;botb-Kiel">
  <skos:exactMatch rdf:resource="http://sws.geonames.org/2752863/"/>
</rdf:Description>

<rdf:Description rdf:about="&niod;botb-Kinderdijk">
  <skos:exactMatch rdf:resource="http://sws.geonames.org/2752828/"/>
</rdf:Description>

<rdf:Description rdf:about="&niod;botb-Kortgene">
  <skos:exactMatch rdf:resource="http://sws.geonames.org/2752399/"/>
</rdf:Description>

<rdf:Description rdf:about="&niod;botb-Kralingse_Plas">
  <skos:exactMatch rdf:resource="http://sws.geonames.org/2752313/"/>
</rdf:Description>

<rdf:Description rdf:about="&niod;botb-Krommenie">
  <skos:exactMatch rdf:resource="http://sws.geonames.org/2752240/"/>
</rdf:Description>

<rdf:Description rdf:about="&niod;botb-Kruiningen">
  <skos:exactMatch rdf:resource="http://sws.geonames.org/2752213/"/>
</rdf:Description>

<rdf:Description rdf:about="&niod;botb-Kuinre">
  <skos:exactMatch rdf:resource="http://sws.geonames.org/2752162/"/>
</rdf:Description>

<rdf:Description rdf:about="&niod;botb-Lage_Zwaluwe">
  <skos:exactMatch rdf:resource="http://sws.geonames.org/2752009/"/>
</rdf:Description>

<rdf:Description rdf:about="&niod;botb-Land_van_Maas_en_Waal">
  <skos:exactMatch rdf:resource="http://sws.geonames.org/2751294/"/>
</rdf:Description>

<rdf:Description rdf:about="&niod;botb-Langweer">
  <skos:exactMatch rdf:resource="http://sws.geonames.org/2751888/"/>
</rdf:Description>

<rdf:Description rdf:about="&niod;botb-Leek">
  <skos:exactMatch rdf:resource="http://sws.geonames.org/2751834/"/>
</rdf:Description>

<rdf:Description rdf:about="&niod;botb-Leende">
  <skos:exactMatch rdf:resource="http://sws.geonames.org/2751821/"/>
</rdf:Description>

<rdf:Description rdf:about="&niod;botb-Leersum">
  <skos:exactMatch rdf:resource="http://sws.geonames.org/2751801/"/>
</rdf:Description>

<rdf:Description rdf:about="&niod;botb-Leeuwarder_Courant">
  <skos:exactMatch rdf:resource="http://sws.geonames.org/6947344/"/>
</rdf:Description>

<rdf:Description rdf:about="&niod;botb-Leger_des_Heils">
  <skos:exactMatch rdf:resource="http://sws.geonames.org/6955804/"/>
</rdf:Description>

<rdf:Description rdf:about="&niod;botb-Leidschendam">
  <skos:exactMatch rdf:resource="http://sws.geonames.org/2751769/"/>
</rdf:Description>

<rdf:Description rdf:about="&niod;botb-Lek">
  <skos:exactMatch rdf:resource="http://sws.geonames.org/2751747/"/>
</rdf:Description>

<rdf:Description rdf:about="&niod;botb-Lekkerkerk">
  <skos:exactMatch rdf:resource="http://sws.geonames.org/2751744/"/>
</rdf:Description>

<rdf:Description rdf:about="&niod;botb-Lemele">
  <skos:exactMatch rdf:resource="http://sws.geonames.org/2751734/"/>
</rdf:Description>

<rdf:Description rdf:about="&niod;botb-Lemmer">
  <skos:exactMatch rdf:resource="http://sws.geonames.org/2751729/"/>
</rdf:Description>

<rdf:Description rdf:about="&niod;botb-Lent">
  <skos:exactMatch rdf:resource="http://sws.geonames.org/2751714/"/>
</rdf:Description>

<rdf:Description rdf:about="&niod;botb-Leuven">
  <skos:exactMatch rdf:resource="http://sws.geonames.org/2751679/"/>
</rdf:Description>

<rdf:Description rdf:about="&niod;botb-Lichtenvoorde">
  <skos:exactMatch rdf:resource="http://sws.geonames.org/2751651/"/>
</rdf:Description>

<rdf:Description rdf:about="&niod;botb-Lieshout">
  <skos:exactMatch rdf:resource="http://sws.geonames.org/2751627/"/>
</rdf:Description>

<rdf:Description rdf:about="&niod;botb-Lijmers">
  <skos:exactMatch rdf:resource="http://sws.geonames.org/2751607/"/>
</rdf:Description>

<rdf:Description rdf:about="&niod;botb-Linge">
  <skos:exactMatch rdf:resource="http://sws.geonames.org/2751572/"/>
</rdf:Description>

<rdf:Description rdf:about="&niod;botb-Linne">
  <skos:exactMatch rdf:resource="http://sws.geonames.org/2751566/"/>
</rdf:Description>

<rdf:Description rdf:about="&niod;botb-Lobith">
  <skos:exactMatch rdf:resource="http://sws.geonames.org/2751538/"/>
</rdf:Description>

<rdf:Description rdf:about="&niod;botb-Lochem">
  <skos:exactMatch rdf:resource="http://sws.geonames.org/2751537/"/>
</rdf:Description>

<rdf:Description rdf:about="&niod;botb-Loosdrecht">
  <skos:exactMatch rdf:resource="http://sws.geonames.org/2748915/"/>
</rdf:Description>

<rdf:Description rdf:about="&niod;botb-Loosduinen">
  <skos:exactMatch rdf:resource="http://sws.geonames.org/2751442/"/>
</rdf:Description>

<rdf:Description rdf:about="&niod;botb-Losser">
  <skos:exactMatch rdf:resource="http://sws.geonames.org/2751424/"/>
</rdf:Description>

<rdf:Description rdf:about="&niod;botb-Maarheeze">
  <skos:exactMatch rdf:resource="http://sws.geonames.org/2751325/"/>
</rdf:Description>

<rdf:Description rdf:about="&niod;botb-Maarn">
  <skos:exactMatch rdf:resource="http://sws.geonames.org/2751320/"/>
</rdf:Description>

<rdf:Description rdf:about="&niod;botb-Maartensdijk">
  <skos:exactMatch rdf:resource="http://sws.geonames.org/2751310/"/>
</rdf:Description>

<rdf:Description rdf:about="&niod;botb-Maas">
  <skos:exactMatch rdf:resource="http://sws.geonames.org/2751306/"/>
</rdf:Description>

<rdf:Description rdf:about="&niod;botb-Maasbracht">
  <skos:exactMatch rdf:resource="http://sws.geonames.org/2751303/"/>
</rdf:Description>

<rdf:Description rdf:about="&niod;botb-Maasdam">
  <skos:exactMatch rdf:resource="http://sws.geonames.org/2751299/"/>
</rdf:Description>

<rdf:Description rdf:about="&niod;botb-Maastricht">
  <skos:exactMatch rdf:resource="http://sws.geonames.org/2751283/"/>
</rdf:Description>

<rdf:Description rdf:about="&niod;botb-Malden">
  <skos:exactMatch rdf:resource="http://sws.geonames.org/2751242/"/>
</rdf:Description>

<rdf:Description rdf:about="&niod;botb-Malta">
  <skos:exactMatch rdf:resource="http://sws.geonames.org/2751227/"/>
</rdf:Description>

<rdf:Description rdf:about="&niod;botb-Meeden">
  <skos:exactMatch rdf:resource="http://sws.geonames.org/2751068/"/>
</rdf:Description>

<rdf:Description rdf:about="&niod;botb-Meerkerk">
  <skos:exactMatch rdf:resource="http://sws.geonames.org/2751048/"/>
</rdf:Description>

<rdf:Description rdf:about="&niod;botb-Meerssen">
  <skos:exactMatch rdf:resource="http://sws.geonames.org/2751037/"/>
</rdf:Description>

<rdf:Description rdf:about="&niod;botb-Meppel">
  <skos:exactMatch rdf:resource="http://sws.geonames.org/2750947/"/>
</rdf:Description>

<rdf:Description rdf:about="&niod;botb-Meppen">
  <skos:exactMatch rdf:resource="http://sws.geonames.org/2750944/"/>
</rdf:Description>

<rdf:Description rdf:about="&niod;botb-Merwede">
  <skos:exactMatch rdf:resource="http://sws.geonames.org/2750930/"/>
</rdf:Description>

<rdf:Description rdf:about="&niod;botb-Merwedehaven">
  <skos:exactMatch rdf:resource="http://sws.geonames.org/2750929/"/>
</rdf:Description>

<rdf:Description rdf:about="&niod;botb-Merwedekanaal">
  <skos:exactMatch rdf:resource="http://sws.geonames.org/2750928/"/>
</rdf:Description>

<rdf:Description rdf:about="&niod;botb-Mheer">
  <skos:exactMatch rdf:resource="http://sws.geonames.org/2750913/"/>
</rdf:Description>

<rdf:Description rdf:about="&niod;botb-Middenmeer">
  <skos:exactMatch rdf:resource="http://sws.geonames.org/2750850/"/>
</rdf:Description>

<rdf:Description rdf:about="&niod;botb-Mierlo">
  <skos:exactMatch rdf:resource="http://sws.geonames.org/2750821/"/>
</rdf:Description>

<rdf:Description rdf:about="&niod;botb-Mill">
  <skos:exactMatch rdf:resource="http://sws.geonames.org/2750802/"/>
</rdf:Description>

<rdf:Description rdf:about="&niod;botb-Minden">
  <skos:exactMatch rdf:resource="http://sws.geonames.org/6955644/"/>
</rdf:Description>

<rdf:Description rdf:about="&niod;botb-Moerdijk">
  <skos:exactMatch rdf:resource="http://sws.geonames.org/2750769/"/>
</rdf:Description>

<rdf:Description rdf:about="&niod;botb-Moerdijkbruggen">
  <skos:exactMatch rdf:resource="http://sws.geonames.org/2750768/"/>
</rdf:Description>

<rdf:Description rdf:about="&niod;botb-Moergestel">
  <skos:exactMatch rdf:resource="http://sws.geonames.org/2750766/"/>
</rdf:Description>

<rdf:Description rdf:about="&niod;botb-Moezel">
  <skos:exactMatch rdf:resource="http://sws.geonames.org/2750751/"/>
</rdf:Description>

<rdf:Description rdf:about="&niod;botb-Muntendam">
  <skos:exactMatch rdf:resource="http://sws.geonames.org/2750535/"/>
</rdf:Description>

<rdf:Description rdf:about="&niod;botb-Murmerwoude">
  <skos:exactMatch rdf:resource="http://sws.geonames.org/2757838/"/>
</rdf:Description>

<rdf:Description rdf:about="&niod;botb-Napels">
  <skos:exactMatch rdf:resource="http://sws.geonames.org/2750505/"/>
</rdf:Description>

<rdf:Description rdf:about="&niod;botb-Nederweert">
  <skos:exactMatch rdf:resource="http://sws.geonames.org/2750467/"/>
</rdf:Description>

<rdf:Description rdf:about="&niod;botb-Niers">
  <skos:exactMatch rdf:resource="http://sws.geonames.org/2750384/"/>
</rdf:Description>

<rdf:Description rdf:about="&niod;botb-Nieuwe_Merwede">
  <skos:exactMatch rdf:resource="http://sws.geonames.org/2750296/"/>
</rdf:Description>

<rdf:Description rdf:about="&niod;botb-Nieuwe_Pekela">
  <skos:exactMatch rdf:resource="http://sws.geonames.org/2750272/"/>
</rdf:Description>

<rdf:Description rdf:about="&niod;botb-Nieuwe_Waterweg">
  <skos:exactMatch rdf:resource="http://sws.geonames.org/2750222/"/>
</rdf:Description>

<rdf:Description rdf:about="&niod;botb-Nieuwenhagen">
  <skos:exactMatch rdf:resource="http://sws.geonames.org/2750282/"/>
</rdf:Description>

<rdf:Description rdf:about="&niod;botb-Nieuweschans">
  <skos:exactMatch rdf:resource="http://sws.geonames.org/2750250/"/>
</rdf:Description>

<rdf:Description rdf:about="&niod;botb-Nieuwleusen">
  <skos:exactMatch rdf:resource="http://sws.geonames.org/2750161/"/>
</rdf:Description>

<rdf:Description rdf:about="&niod;botb-Nieuwolda">
  <skos:exactMatch rdf:resource="http://sws.geonames.org/2750154/"/>
</rdf:Description>

<rdf:Description rdf:about="&niod;botb-Nijverdal">
  <skos:exactMatch rdf:resource="http://sws.geonames.org/2750039/"/>
</rdf:Description>

<rdf:Description rdf:about="&niod;botb-Noorbeek">
  <skos:exactMatch rdf:resource="http://sws.geonames.org/2750003/"/>
</rdf:Description>

<rdf:Description rdf:about="&niod;botb-Noordereiland">
  <skos:exactMatch rdf:resource="http://sws.geonames.org/2749945/"/>
</rdf:Description>

<rdf:Description rdf:about="&niod;botb-Noordoostpolder">
  <skos:exactMatch rdf:resource="http://sws.geonames.org/2749852/"/>
</rdf:Description>

<rdf:Description rdf:about="&niod;botb-Noordzeekanaal">
  <skos:exactMatch rdf:resource="http://sws.geonames.org/2749803/"/>
</rdf:Description>

<rdf:Description rdf:about="&niod;botb-Norg">
  <skos:exactMatch rdf:resource="http://sws.geonames.org/2749796/"/>
</rdf:Description>

<rdf:Description rdf:about="&niod;botb-Nunspeet">
  <skos:exactMatch rdf:resource="http://sws.geonames.org/2749756/"/>
</rdf:Description>

<rdf:Description rdf:about="&niod;botb-Obdam">
  <skos:exactMatch rdf:resource="http://sws.geonames.org/2749745/"/>
</rdf:Description>

<rdf:Description rdf:about="&niod;botb-Oirschot">
  <skos:exactMatch rdf:resource="http://sws.geonames.org/2749683/"/>
</rdf:Description>

<rdf:Description rdf:about="&niod;botb-Oisterwijk">
  <skos:exactMatch rdf:resource="http://sws.geonames.org/2749680/"/>
</rdf:Description>

<rdf:Description rdf:about="&niod;botb-Oldeberkoop">
  <skos:exactMatch rdf:resource="http://sws.geonames.org/2749671/"/>
</rdf:Description>

<rdf:Description rdf:about="&niod;botb-Oldebroek">
  <skos:exactMatch rdf:resource="http://sws.geonames.org/2749668/"/>
</rdf:Description>

<rdf:Description rdf:about="&niod;botb-Oldenzaal">
  <skos:exactMatch rdf:resource="http://sws.geonames.org/2749644/"/>
</rdf:Description>

<rdf:Description rdf:about="&niod;botb-Ommen">
  <skos:exactMatch rdf:resource="http://sws.geonames.org/2749613/"/>
</rdf:Description>

<rdf:Description rdf:about="&niod;botb-Oost-Souburg">
  <skos:exactMatch rdf:resource="http://sws.geonames.org/2749341/"/>
</rdf:Description>

<rdf:Description rdf:about="&niod;botb-Oostburg">
  <skos:exactMatch rdf:resource="http://sws.geonames.org/2749541/"/>
</rdf:Description>

<rdf:Description rdf:about="&niod;botb-Oostvoorne">
  <skos:exactMatch rdf:resource="http://sws.geonames.org/2749330/"/>
</rdf:Description>

<rdf:Description rdf:about="&niod;botb-Opheusden">
  <skos:exactMatch rdf:resource="http://sws.geonames.org/2749296/"/>
</rdf:Description>

<rdf:Description rdf:about="&niod;botb-Oude_Maas">
  <skos:exactMatch rdf:resource="http://sws.geonames.org/2749069/"/>
</rdf:Description>

<rdf:Description rdf:about="&niod;botb-Oudenrijn">
  <skos:exactMatch rdf:resource="http://sws.geonames.org/2749037/"/>
</rdf:Description>

<rdf:Description rdf:about="&niod;botb-Overflakkee">
  <skos:exactMatch rdf:resource="http://sws.geonames.org/2748846/"/>
</rdf:Description>

<rdf:Description rdf:about="&niod;botb-Overijssel">
  <skos:exactMatch rdf:resource="http://sws.geonames.org/2748838/"/>
</rdf:Description>

<rdf:Description rdf:about="&niod;botb-Overloon">
  <skos:exactMatch rdf:resource="http://sws.geonames.org/2748833/"/>
</rdf:Description>

<rdf:Description rdf:about="&niod;botb-Overschie">
  <skos:exactMatch rdf:resource="http://sws.geonames.org/2748826/"/>
</rdf:Description>

<rdf:Description rdf:about="&niod;botb-Overveen">
  <skos:exactMatch rdf:resource="http://sws.geonames.org/2748813/"/>
</rdf:Description>

<rdf:Description rdf:about="&niod;botb-Palestina">
  <skos:exactMatch rdf:resource="http://sws.geonames.org/2748757/"/>
</rdf:Description>

<rdf:Description rdf:about="&niod;botb-Pingjum">
  <skos:exactMatch rdf:resource="http://sws.geonames.org/2748582/"/>
</rdf:Description>

<rdf:Description rdf:about="&niod;botb-Polen">
  <skos:exactMatch rdf:resource="http://sws.geonames.org/2748518/"/>
</rdf:Description>

<rdf:Description rdf:about="&niod;botb-Princenhage">
  <skos:exactMatch rdf:resource="http://sws.geonames.org/2748457/"/>
</rdf:Description>

<rdf:Description rdf:about="&niod;botb-Puttershoek">
  <skos:exactMatch rdf:resource="http://sws.geonames.org/2748389/"/>
</rdf:Description>

<rdf:Description rdf:about="&niod;botb-Raalte">
  <skos:exactMatch rdf:resource="http://sws.geonames.org/2748371/"/>
</rdf:Description>

<rdf:Description rdf:about="&niod;botb-Raamsdonk">
  <skos:exactMatch rdf:resource="http://sws.geonames.org/2748363/"/>
</rdf:Description>

<rdf:Description rdf:about="&niod;botb-Ravenstein">
  <skos:exactMatch rdf:resource="http://sws.geonames.org/2748308/"/>
</rdf:Description>

<rdf:Description rdf:about="&niod;botb-Renesse">
  <skos:exactMatch rdf:resource="http://sws.geonames.org/2748240/"/>
</rdf:Description>

<rdf:Description rdf:about="&niod;botb-Renkum">
  <skos:exactMatch rdf:resource="http://sws.geonames.org/2748236/"/>
</rdf:Description>

<rdf:Description rdf:about="&niod;botb-Ressen">
  <skos:exactMatch rdf:resource="http://sws.geonames.org/2748224/"/>
</rdf:Description>

<rdf:Description rdf:about="&niod;botb-Reuver">
  <skos:exactMatch rdf:resource="http://sws.geonames.org/2748208/"/>
</rdf:Description>

<rdf:Description rdf:about="&niod;botb-Rheden">
  <skos:exactMatch rdf:resource="http://sws.geonames.org/2748201/"/>
</rdf:Description>

<rdf:Description rdf:about="&niod;botb-Rijnland">
  <skos:exactMatch rdf:resource="http://sws.geonames.org/2748108/"/>
</rdf:Description>

<rdf:Description rdf:about="&niod;botb-Rijnsburg">
  <skos:exactMatch rdf:resource="http://sws.geonames.org/2748104/"/>
</rdf:Description>

<rdf:Description rdf:about="&niod;botb-Rijsbergen">
  <skos:exactMatch rdf:resource="http://sws.geonames.org/2748091/"/>
</rdf:Description>

<rdf:Description rdf:about="&niod;botb-Rijsoord">
  <skos:exactMatch rdf:resource="http://sws.geonames.org/2748085/"/>
</rdf:Description>

<rdf:Description rdf:about="&niod;botb-Rijssen">
  <skos:exactMatch rdf:resource="http://sws.geonames.org/2748083/"/>
</rdf:Description>

<rdf:Description rdf:about="&niod;botb-Rilland">
  <skos:exactMatch rdf:resource="http://sws.geonames.org/2748068/"/>
</rdf:Description>

<rdf:Description rdf:about="&niod;botb-Rockanje">
  <skos:exactMatch rdf:resource="http://sws.geonames.org/2748029/"/>
</rdf:Description>

<rdf:Description rdf:about="&niod;botb-Roden">
  <skos:exactMatch rdf:resource="http://sws.geonames.org/2748026/"/>
</rdf:Description>

<rdf:Description rdf:about="&niod;botb-Rolde">
  <skos:exactMatch rdf:resource="http://sws.geonames.org/2747979/"/>
</rdf:Description>

<rdf:Description rdf:about="&niod;botb-Rome">
  <skos:exactMatch rdf:resource="http://sws.geonames.org/2747972/"/>
</rdf:Description>

<rdf:Description rdf:about="&niod;botb-Roosteren">
  <skos:exactMatch rdf:resource="http://sws.geonames.org/2747924/"/>
</rdf:Description>

<rdf:Description rdf:about="&niod;botb-Salland">
  <skos:exactMatch rdf:resource="http://sws.geonames.org/2747775/"/>
</rdf:Description>

<rdf:Description rdf:about="&niod;botb-Sappemeer">
  <skos:exactMatch rdf:resource="http://sws.geonames.org/2747758/"/>
</rdf:Description>

<rdf:Description rdf:about="&niod;botb-Sas_van_Gent">
  <skos:exactMatch rdf:resource="http://sws.geonames.org/2747749/"/>
</rdf:Description>

<rdf:Description rdf:about="&niod;botb-Sassenheim">
  <skos:exactMatch rdf:resource="http://sws.geonames.org/2747751/"/>
</rdf:Description>

<rdf:Description rdf:about="&niod;botb-Schaarsbergen">
  <skos:exactMatch rdf:resource="http://sws.geonames.org/2747735/"/>
</rdf:Description>

<rdf:Description rdf:about="&niod;botb-Schalkhaar">
  <skos:exactMatch rdf:resource="http://sws.geonames.org/2747704/"/>
</rdf:Description>

<rdf:Description rdf:about="&niod;botb-Schelde">
  <skos:exactMatch rdf:resource="http://sws.geonames.org/3301577/"/>
</rdf:Description>

<rdf:Description rdf:about="&niod;botb-Scheveningen">
  <skos:exactMatch rdf:resource="http://sws.geonames.org/2747599/"/>
</rdf:Description>

<rdf:Description rdf:about="&niod;botb-Schiebroek">
  <skos:exactMatch rdf:resource="http://sws.geonames.org/2747597/"/>
</rdf:Description>

<rdf:Description rdf:about="&niod;botb-Schieland">
  <skos:exactMatch rdf:resource="http://sws.geonames.org/2747593/"/>
</rdf:Description>

<rdf:Description rdf:about="&niod;botb-Schijndel">
  <skos:exactMatch rdf:resource="http://sws.geonames.org/2747584/"/>
</rdf:Description>

<rdf:Description rdf:about="&niod;botb-Schipluiden">
  <skos:exactMatch rdf:resource="http://sws.geonames.org/2747540/"/>
</rdf:Description>

<rdf:Description rdf:about="&niod;botb-Schoondijke">
  <skos:exactMatch rdf:resource="http://sws.geonames.org/2747517/"/>
</rdf:Description>

<rdf:Description rdf:about="&niod;botb-Schoonrewoerd">
  <skos:exactMatch rdf:resource="http://sws.geonames.org/2747499/"/>
</rdf:Description>

<rdf:Description rdf:about="&niod;botb-Schoorl">
  <skos:exactMatch rdf:resource="http://sws.geonames.org/2747492/"/>
</rdf:Description>

<rdf:Description rdf:about="&niod;botb-Schouwen">
  <skos:exactMatch rdf:resource="http://sws.geonames.org/2747466/"/>
</rdf:Description>

<rdf:Description rdf:about="&niod;botb-Schouwen-Duiveland">
  <skos:exactMatch rdf:resource="http://sws.geonames.org/6544251/"/>
</rdf:Description>

<rdf:Description rdf:about="&niod;botb-Sevenum">
  <skos:exactMatch rdf:resource="http://sws.geonames.org/2747382/"/>
</rdf:Description>

<rdf:Description rdf:about="&niod;botb-Sibbe">
  <skos:exactMatch rdf:resource="http://sws.geonames.org/2747348/"/>
</rdf:Description>

<rdf:Description rdf:about="&niod;botb-Sint_Maarten">
  <skos:exactMatch rdf:resource="http://sws.geonames.org/2747244/"/>
</rdf:Description>

<rdf:Description rdf:about="&niod;botb-Sint_Odilienberg">
  <skos:exactMatch rdf:resource="http://sws.geonames.org/2747229/"/>
</rdf:Description>

<rdf:Description rdf:about="&niod;botb-Sint_Pancras">
  <skos:exactMatch rdf:resource="http://sws.geonames.org/2747225/"/>
</rdf:Description>

<rdf:Description rdf:about="&niod;botb-Sittard">
  <skos:exactMatch rdf:resource="http://sws.geonames.org/2747203/"/>
</rdf:Description>

<rdf:Description rdf:about="&niod;botb-Sleeuwijk">
  <skos:exactMatch rdf:resource="http://sws.geonames.org/2747178/"/>
</rdf:Description>

<rdf:Description rdf:about="&niod;botb-Sluiskil">
  <skos:exactMatch rdf:resource="http://sws.geonames.org/2747109/"/>
</rdf:Description>

<rdf:Description rdf:about="&niod;botb-Smilde">
  <skos:exactMatch rdf:resource="http://sws.geonames.org/2747076/"/>
</rdf:Description>

<rdf:Description rdf:about="&niod;botb-Soestdijk">
  <skos:exactMatch rdf:resource="http://sws.geonames.org/2747032/"/>
</rdf:Description>

<rdf:Description rdf:about="&niod;botb-Sommelsdijk">
  <skos:exactMatch rdf:resource="http://sws.geonames.org/2747016/"/>
</rdf:Description>

<rdf:Description rdf:about="&niod;botb-Spakenburg">
  <skos:exactMatch rdf:resource="http://sws.geonames.org/2746981/"/>
</rdf:Description>

<rdf:Description rdf:about="&niod;botb-Spekholzerheide">
  <skos:exactMatch rdf:resource="http://sws.geonames.org/2746956/"/>
</rdf:Description>

<rdf:Description rdf:about="&niod;botb-Staatsmijn_Emma">
  <skos:exactMatch rdf:resource="http://sws.geonames.org/2756144/"/>
</rdf:Description>

<rdf:Description rdf:about="&niod;botb-Staatsmijn_Maurits">
  <skos:exactMatch rdf:resource="http://sws.geonames.org/2751082/"/>
</rdf:Description>

<rdf:Description rdf:about="&niod;botb-Staatsmijn_Wilhelmina">
  <skos:exactMatch rdf:resource="http://sws.geonames.org/2744425/"/>
</rdf:Description>

<rdf:Description rdf:about="&niod;botb-Stampersgat">
  <skos:exactMatch rdf:resource="http://sws.geonames.org/2746846/"/>
</rdf:Description>

<rdf:Description rdf:about="&niod;botb-Steenwijk">
  <skos:exactMatch rdf:resource="http://sws.geonames.org/2746766/"/>
</rdf:Description>

<rdf:Description rdf:about="&niod;botb-Stramproy">
  <skos:exactMatch rdf:resource="http://sws.geonames.org/2746631/"/>
</rdf:Description>

<rdf:Description rdf:about="&niod;botb-Strijensas">
  <skos:exactMatch rdf:resource="http://sws.geonames.org/2746605/"/>
</rdf:Description>

<rdf:Description rdf:about="&niod;botb-Susteren">
  <skos:exactMatch rdf:resource="http://sws.geonames.org/2746555/"/>
</rdf:Description>

<rdf:Description rdf:about="&niod;botb-Swalmen">
  <skos:exactMatch rdf:resource="http://sws.geonames.org/2746548/"/>
</rdf:Description>

<rdf:Description rdf:about="&niod;botb-Tegelen">
  <skos:exactMatch rdf:resource="http://sws.geonames.org/2746504/"/>
</rdf:Description>

<rdf:Description rdf:about="&niod;botb-Teuge">
  <skos:exactMatch rdf:resource="http://sws.geonames.org/2746387/"/>
</rdf:Description>

<rdf:Description rdf:about="&niod;botb-Tilburg">
  <skos:exactMatch rdf:resource="http://sws.geonames.org/2746301/"/>
</rdf:Description>

<rdf:Description rdf:about="&niod;botb-Tinaarlo">
  <skos:exactMatch rdf:resource="http://sws.geonames.org/2746038/"/>
</rdf:Description>

<rdf:Description rdf:about="&niod;botb-Tjeukemeer">
  <skos:exactMatch rdf:resource="http://sws.geonames.org/2746267/"/>
</rdf:Description>

<rdf:Description rdf:about="&niod;botb-Treebeek">
  <skos:exactMatch rdf:resource="http://sws.geonames.org/2746174/"/>
</rdf:Description>

<rdf:Description rdf:about="&niod;botb-Tubbergen">
  <skos:exactMatch rdf:resource="http://sws.geonames.org/2746133/"/>
</rdf:Description>

<rdf:Description rdf:about="&niod;botb-Turkije">
  <skos:exactMatch rdf:resource="http://sws.geonames.org/2746105/"/>
</rdf:Description>

<rdf:Description rdf:about="&niod;botb-Twente">
  <skos:exactMatch rdf:resource="http://sws.geonames.org/2746058/"/>
</rdf:Description>

<rdf:Description rdf:about="&niod;botb-Ubachsberg">
  <skos:exactMatch rdf:resource="http://sws.geonames.org/2746014/"/>
</rdf:Description>

<rdf:Description rdf:about="&niod;botb-Ubbergen">
  <skos:exactMatch rdf:resource="http://sws.geonames.org/2746012/"/>
</rdf:Description>

<rdf:Description rdf:about="&niod;botb-Uden">
  <skos:exactMatch rdf:resource="http://sws.geonames.org/2746005/"/>
</rdf:Description>

<rdf:Description rdf:about="&niod;botb-Udenhout">
  <skos:exactMatch rdf:resource="http://sws.geonames.org/2746003/"/>
</rdf:Description>

<rdf:Description rdf:about="&niod;botb-Ulvenhout">
  <skos:exactMatch rdf:resource="http://sws.geonames.org/2745940/"/>
</rdf:Description>

<rdf:Description rdf:about="&niod;botb-Universiteit_van_Amsterdam">
  <skos:exactMatch rdf:resource="http://sws.geonames.org/6944498/"/>
</rdf:Description>

<rdf:Description rdf:about="&niod;botb-Vaals">
  <skos:exactMatch rdf:resource="http://sws.geonames.org/2745906/"/>
</rdf:Description>

<rdf:Description rdf:about="&niod;botb-Vaassen">
  <skos:exactMatch rdf:resource="http://sws.geonames.org/2745892/"/>
</rdf:Description>

<rdf:Description rdf:about="&niod;botb-Valburg">
  <skos:exactMatch rdf:resource="http://sws.geonames.org/2745885/"/>
</rdf:Description>

<rdf:Description rdf:about="&niod;botb-Valkenswaard">
  <skos:exactMatch rdf:resource="http://sws.geonames.org/2745860/"/>
</rdf:Description>

<rdf:Description rdf:about="&niod;botb-Varsseveld">
  <skos:exactMatch rdf:resource="http://sws.geonames.org/2745800/"/>
</rdf:Description>

<rdf:Description rdf:about="&niod;botb-Veendam">
  <skos:exactMatch rdf:resource="http://sws.geonames.org/2745783/"/>
</rdf:Description>

<rdf:Description rdf:about="&niod;botb-Veghel">
  <skos:exactMatch rdf:resource="http://sws.geonames.org/2745726/"/>
</rdf:Description>

<rdf:Description rdf:about="&niod;botb-Velden">
  <skos:exactMatch rdf:resource="http://sws.geonames.org/2745717/"/>
</rdf:Description>

<rdf:Description rdf:about="&niod;botb-Venlo">
  <skos:exactMatch rdf:resource="http://sws.geonames.org/2745641/"/>
</rdf:Description>

<rdf:Description rdf:about="&niod;botb-Venray">
  <skos:exactMatch rdf:resource="http://sws.geonames.org/2745634/"/>
</rdf:Description>

<rdf:Description rdf:about="&niod;botb-Vierlingsbeek">
  <skos:exactMatch rdf:resource="http://sws.geonames.org/2745550/"/>
</rdf:Description>

<rdf:Description rdf:about="&niod;botb-Vinkeveen">
  <skos:exactMatch rdf:resource="http://sws.geonames.org/2745493/"/>
</rdf:Description>

<rdf:Description rdf:about="&niod;botb-Vlake">
  <skos:exactMatch rdf:resource="http://sws.geonames.org/2745457/"/>
</rdf:Description>

<rdf:Description rdf:about="&niod;botb-Vlodrop">
  <skos:exactMatch rdf:resource="http://sws.geonames.org/2745382/"/>
</rdf:Description>

<rdf:Description rdf:about="&niod;botb-Voerendaal">
  <skos:exactMatch rdf:resource="http://sws.geonames.org/2745369/"/>
</rdf:Description>

<rdf:Description rdf:about="&niod;botb-Volendam">
  <skos:exactMatch rdf:resource="http://sws.geonames.org/2745340/"/>
</rdf:Description>

<rdf:Description rdf:about="&niod;botb-Voorburg">
  <skos:exactMatch rdf:resource="http://sws.geonames.org/2745321/"/>
</rdf:Description>

<rdf:Description rdf:about="&niod;botb-Voorthuizen">
  <skos:exactMatch rdf:resource="http://sws.geonames.org/2745271/"/>
</rdf:Description>

<rdf:Description rdf:about="&niod;botb-Vries">
  <skos:exactMatch rdf:resource="http://sws.geonames.org/2745189/"/>
</rdf:Description>

<rdf:Description rdf:about="&niod;botb-Vriezenveen">
  <skos:exactMatch rdf:resource="http://sws.geonames.org/2745182/"/>
</rdf:Description>

<rdf:Description rdf:about="&niod;botb-Vrouwenpolder">
  <skos:exactMatch rdf:resource="http://sws.geonames.org/2745162/"/>
</rdf:Description>

<rdf:Description rdf:about="&niod;botb-Vught">
  <skos:exactMatch rdf:resource="http://sws.geonames.org/2745154/"/>
</rdf:Description>

<rdf:Description rdf:about="&niod;botb-Waalsdorpervlakte">
  <skos:exactMatch rdf:resource="http://sws.geonames.org/2745124/"/>
</rdf:Description>

<rdf:Description rdf:about="&niod;botb-Waddeneilanden">
  <skos:exactMatch rdf:resource="http://sws.geonames.org/2744659/"/>
</rdf:Description>

<rdf:Description rdf:about="&niod;botb-Wageningen">
  <skos:exactMatch rdf:resource="http://sws.geonames.org/2745088/"/>
</rdf:Description>

<rdf:Description rdf:about="&niod;botb-Walcheren">
  <skos:exactMatch rdf:resource="http://sws.geonames.org/2745077/"/>
</rdf:Description>

<rdf:Description rdf:about="&niod;botb-Warga">
  <skos:exactMatch rdf:resource="http://sws.geonames.org/2745018/"/>
</rdf:Description>

<rdf:Description rdf:about="&niod;botb-Warmond">
  <skos:exactMatch rdf:resource="http://sws.geonames.org/2745012/"/>
</rdf:Description>

<rdf:Description rdf:about="&niod;botb-Watergraafsmeer">
  <skos:exactMatch rdf:resource="http://sws.geonames.org/2744976/"/>
</rdf:Description>

<rdf:Description rdf:about="&niod;botb-Wateringen">
  <skos:exactMatch rdf:resource="http://sws.geonames.org/2744973/"/>
</rdf:Description>

<rdf:Description rdf:about="&niod;botb-Waubach">
  <skos:exactMatch rdf:resource="http://sws.geonames.org/2744950/"/>
</rdf:Description>

<rdf:Description rdf:about="&niod;botb-Welschap">
  <skos:exactMatch rdf:resource="http://sws.geonames.org/2744849/"/>
</rdf:Description>

<rdf:Description rdf:about="&niod;botb-Werkendam">
  <skos:exactMatch rdf:resource="http://sws.geonames.org/2744827/"/>
</rdf:Description>

<rdf:Description rdf:about="&niod;botb-Wessem">
  <skos:exactMatch rdf:resource="http://sws.geonames.org/2744815/"/>
</rdf:Description>

<rdf:Description rdf:about="&niod;botb-Westdorpe">
  <skos:exactMatch rdf:resource="http://sws.geonames.org/2744800/"/>
</rdf:Description>

<rdf:Description rdf:about="&niod;botb-Westfalen">
  <skos:exactMatch rdf:resource="http://sws.geonames.org/2744661/"/>
</rdf:Description>

<rdf:Description rdf:about="&niod;botb-Westkapelle">
  <skos:exactMatch rdf:resource="http://sws.geonames.org/2744642/"/>
</rdf:Description>

<rdf:Description rdf:about="&niod;botb-Westmaas">
  <skos:exactMatch rdf:resource="http://sws.geonames.org/2744631/"/>
</rdf:Description>

<rdf:Description rdf:about="&niod;botb-Wezel">
  <skos:exactMatch rdf:resource="http://sws.geonames.org/2744581/"/>
</rdf:Description>

<rdf:Description rdf:about="&niod;botb-Wezep">
  <skos:exactMatch rdf:resource="http://sws.geonames.org/2744580/"/>
</rdf:Description>

<rdf:Description rdf:about="&niod;botb-Wieldrecht">
  <skos:exactMatch rdf:resource="http://sws.geonames.org/2744563/"/>
</rdf:Description>

<rdf:Description rdf:about="&niod;botb-Wierden">
  <skos:exactMatch rdf:resource="http://sws.geonames.org/2744549/"/>
</rdf:Description>

<rdf:Description rdf:about="&niod;botb-Wieringermeer">
  <skos:exactMatch rdf:resource="http://sws.geonames.org/2744537/"/>
</rdf:Description>

<rdf:Description rdf:about="&niod;botb-Wildervank">
  <skos:exactMatch rdf:resource="http://sws.geonames.org/2744431/"/>
</rdf:Description>

<rdf:Description rdf:about="&niod;botb-Wilhelminakanaal">
  <skos:exactMatch rdf:resource="http://sws.geonames.org/2744419/"/>
</rdf:Description>

<rdf:Description rdf:about="&niod;botb-Willemsdorp">
  <skos:exactMatch rdf:resource="http://sws.geonames.org/2744396/"/>
</rdf:Description>

<rdf:Description rdf:about="&niod;botb-Winschoten">
  <skos:exactMatch rdf:resource="http://sws.geonames.org/2744344/"/>
</rdf:Description>

<rdf:Description rdf:about="&niod;botb-Winterswijk">
  <skos:exactMatch rdf:resource="http://sws.geonames.org/2744332/"/>
</rdf:Description>

<rdf:Description rdf:about="&niod;botb-Woensel">
  <skos:exactMatch rdf:resource="http://sws.geonames.org/2744251/"/>
</rdf:Description>

<rdf:Description rdf:about="&niod;botb-Wolvega">
  <skos:exactMatch rdf:resource="http://sws.geonames.org/2744194/"/>
</rdf:Description>

<rdf:Description rdf:about="&niod;botb-Wommels">
  <skos:exactMatch rdf:resource="http://sws.geonames.org/2744191/"/>
</rdf:Description>

<rdf:Description rdf:about="&niod;botb-Woubrugge">
  <skos:exactMatch rdf:resource="http://sws.geonames.org/2744167/"/>
</rdf:Description>

<rdf:Description rdf:about="&niod;botb-Zaamslag">
  <skos:exactMatch rdf:resource="http://sws.geonames.org/2744122/"/>
</rdf:Description>

<rdf:Description rdf:about="&niod;botb-Zaandam">
  <skos:exactMatch rdf:resource="http://sws.geonames.org/2744118/"/>
</rdf:Description>

<rdf:Description rdf:about="&niod;botb-Zaandijk">
  <skos:exactMatch rdf:resource="http://sws.geonames.org/2744116/"/>
</rdf:Description>

<rdf:Description rdf:about="&niod;botb-Zaanstreek">
  <skos:exactMatch rdf:resource="http://sws.geonames.org/7279859/"/>
</rdf:Description>

<rdf:Description rdf:about="&niod;botb-Zaltbommel">
  <skos:exactMatch rdf:resource="http://sws.geonames.org/2744102/"/>
</rdf:Description>

<rdf:Description rdf:about="&niod;botb-Zevenaar">
  <skos:exactMatch rdf:resource="http://sws.geonames.org/2743949/"/>
</rdf:Description>

<rdf:Description rdf:about="&niod;botb-Zierikzee">
  <skos:exactMatch rdf:resource="http://sws.geonames.org/2743913/"/>
</rdf:Description>

<rdf:Description rdf:about="&niod;botb-Zoutelande">
  <skos:exactMatch rdf:resource="http://sws.geonames.org/2743822/"/>
</rdf:Description>

<rdf:Description rdf:about="&niod;botb-Zuiderzeewerken">
  <skos:exactMatch rdf:resource="http://sws.geonames.org/2746711/"/>
</rdf:Description>

<rdf:Description rdf:about="&niod;botb-Zuidlaren">
  <skos:exactMatch rdf:resource="http://sws.geonames.org/2743680/"/>
</rdf:Description>

<rdf:Description rdf:about="&niod;botb-Zurich">
  <skos:exactMatch rdf:resource="http://sws.geonames.org/2743611/"/>
</rdf:Description>

<rdf:Description rdf:about="&niod;botb-Zutphen">
  <skos:exactMatch rdf:resource="http://sws.geonames.org/2743608/"/>
</rdf:Description>

<rdf:Description rdf:about="&niod;botb-Zwartewaal">
  <skos:exactMatch rdf:resource="http://sws.geonames.org/2743528/"/>
</rdf:Description>

<rdf:Description rdf:about="&niod;botb-Zwartsluis">
  <skos:exactMatch rdf:resource="http://sws.geonames.org/2743518/"/>
</rdf:Description>

<rdf:Description rdf:about="&niod;botb-Zweelo">
  <skos:exactMatch rdf:resource="http://sws.geonames.org/2743510/"/>
</rdf:Description>

<rdf:Description rdf:about="&niod;botb-Afsluitdijk">
  <skos:exactMatch rdf:resource="http://sws.geonames.org/2759939/"/>
</rdf:Description>

<rdf:Description rdf:about="&niod;botb-Anlo">
  <skos:exactMatch rdf:resource="http://sws.geonames.org/2759746/"/>
</rdf:Description>

<rdf:Description rdf:about="&niod;botb-Arnhem">
  <skos:exactMatch rdf:resource="http://sws.geonames.org/2759661/"/>
</rdf:Description>

<rdf:Description rdf:about="&niod;botb-Avereest">
  <skos:exactMatch rdf:resource="http://sws.geonames.org/2749185/"/>
</rdf:Description>

<rdf:Description rdf:about="&niod;botb-Bath">
  <skos:exactMatch rdf:resource="http://sws.geonames.org/2759383/"/>
</rdf:Description>

<rdf:Description rdf:about="&niod;botb-Bedum">
  <skos:exactMatch rdf:resource="http://sws.geonames.org/2759356/"/>
</rdf:Description>

<rdf:Description rdf:about="&niod;botb-Beetsterzwaag">
  <skos:exactMatch rdf:resource="http://sws.geonames.org/2759275/"/>
</rdf:Description>

<rdf:Description rdf:about="&niod;botb-Benelux">
  <skos:exactMatch rdf:resource="http://sws.geonames.org/6949075/"/>
</rdf:Description>

<rdf:Description rdf:about="&niod;botb-Bennebroek">
  <skos:exactMatch rdf:resource="http://sws.geonames.org/2759199/"/>
</rdf:Description>

<rdf:Description rdf:about="&niod;botb-Bergum">
  <skos:exactMatch rdf:resource="http://sws.geonames.org/2759103/"/>
</rdf:Description>

<rdf:Description rdf:about="&niod;botb-Berkel_en_Rodenrijs">
  <skos:exactMatch rdf:resource="http://sws.geonames.org/6929992/"/>
</rdf:Description>

<rdf:Description rdf:about="&niod;botb-Bovenkarspel">
  <skos:exactMatch rdf:resource="http://sws.geonames.org/2758498/"/>
</rdf:Description>

<rdf:Description rdf:about="&niod;botb-Broeksterwoude">
  <skos:exactMatch rdf:resource="http://sws.geonames.org/2758239/"/>
</rdf:Description>

<rdf:Description rdf:about="&niod;botb-Cadier_en_Keer">
  <skos:exactMatch rdf:resource="http://sws.geonames.org/2758035/"/>
</rdf:Description>

<rdf:Description rdf:about="&niod;botb-Curacao">
  <skos:exactMatch rdf:resource="http://sws.geonames.org/6955744/"/>
</rdf:Description>

<rdf:Description rdf:about="&niod;botb-Doornik">
  <skos:exactMatch rdf:resource="http://sws.geonames.org/2756680/"/>
</rdf:Description>

<rdf:Description rdf:about="&niod;botb-Ede">
  <skos:exactMatch rdf:resource="http://sws.geonames.org/2756429/"/>
</rdf:Description>

<rdf:Description rdf:about="&niod;botb-Eerbeek">
  <skos:exactMatch rdf:resource="http://sws.geonames.org/2756351/"/>
</rdf:Description>

<rdf:Description rdf:about="&niod;botb-Ellemeet">
  <skos:exactMatch rdf:resource="http://sws.geonames.org/2756198/"/>
</rdf:Description>

<rdf:Description rdf:about="&niod;botb-Farmsum">
  <skos:exactMatch rdf:resource="http://sws.geonames.org/2755929/"/>
</rdf:Description>

<rdf:Description rdf:about="&niod;botb-Frederiksoord">
  <skos:exactMatch rdf:resource="http://sws.geonames.org/2755824/"/>
</rdf:Description>

<rdf:Description rdf:about="&niod;botb-Gerkesklooster">
  <skos:exactMatch rdf:resource="http://sws.geonames.org/2755574/"/>
</rdf:Description>

<rdf:Description rdf:about="&niod;botb-Goutum">
  <skos:exactMatch rdf:resource="http://sws.geonames.org/2755399/"/>
</rdf:Description>

<rdf:Description rdf:about="&niod;botb-Grijpskerk">
  <skos:exactMatch rdf:resource="http://sws.geonames.org/2755317/"/>
</rdf:Description>

<rdf:Description rdf:about="&niod;botb-Grubbenvorst">
  <skos:exactMatch rdf:resource="http://sws.geonames.org/2755051/"/>
</rdf:Description>

<rdf:Description rdf:about="&niod;botb-Harfsen">
  <skos:exactMatch rdf:resource="http://sws.geonames.org/2754835/"/>
</rdf:Description>

<rdf:Description rdf:about="&niod;botb-Heemse">
  <skos:exactMatch rdf:resource="http://sws.geonames.org/2754700/"/>
</rdf:Description>

<rdf:Description rdf:about="&niod;botb-Het_Kanaal">
  <skos:exactMatch rdf:resource="http://sws.geonames.org/2754258/"/>
</rdf:Description>

<rdf:Description rdf:about="&niod;botb-Hoogeveense_Vaart">
  <skos:exactMatch rdf:resource="http://sws.geonames.org/2753717/"/>
</rdf:Description>

<rdf:Description rdf:about="&niod;botb-Huizinge">
  <skos:exactMatch rdf:resource="http://sws.geonames.org/2753460/"/>
</rdf:Description>

<rdf:Description rdf:about="&niod;botb-Huizum">
  <skos:exactMatch rdf:resource="http://sws.geonames.org/2753470/"/>
</rdf:Description>

<rdf:Description rdf:about="&niod;botb-IJsselmeer">
  <skos:exactMatch rdf:resource="http://sws.geonames.org/2753361/"/>
</rdf:Description>

<rdf:Description rdf:about="&niod;botb-Katwijk_aan_de_Rijn">
  <skos:exactMatch rdf:resource="http://sws.geonames.org/2753011/"/>
</rdf:Description>

<rdf:Description rdf:about="&niod;botb-Kolhorn">
  <skos:exactMatch rdf:resource="http://sws.geonames.org/2752531/"/>
</rdf:Description>

<rdf:Description rdf:about="&niod;botb-Koog_aan_de_Zaan">
  <skos:exactMatch rdf:resource="http://sws.geonames.org/2752476/"/>
</rdf:Description>

<rdf:Description rdf:about="&niod;botb-Koudum">
  <skos:exactMatch rdf:resource="http://sws.geonames.org/2752367/"/>
</rdf:Description>

<rdf:Description rdf:about="&niod;botb-Krimpen_aan_de_Ijssel">
  <skos:exactMatch rdf:resource="http://sws.geonames.org/2752264/"/>
</rdf:Description>

<rdf:Description rdf:about="&niod;botb-Krimpen_aan_de_Lek">
  <skos:exactMatch rdf:resource="http://sws.geonames.org/2752267/"/>
</rdf:Description>

<rdf:Description rdf:about="&niod;botb-Leens">
  <skos:exactMatch rdf:resource="http://sws.geonames.org/2751813/"/>
</rdf:Description>

<rdf:Description rdf:about="&niod;botb-Leeuwarderadeel">
  <skos:exactMatch rdf:resource="http://sws.geonames.org/2751790/"/>
</rdf:Description>

<rdf:Description rdf:about="&niod;botb-Maasland">
  <skos:exactMatch rdf:resource="http://sws.geonames.org/2751288/"/>
</rdf:Description>

<rdf:Description rdf:about="&niod;botb-Maasniel">
  <skos:exactMatch rdf:resource="http://sws.geonames.org/2751286/"/>
</rdf:Description>

<rdf:Description rdf:about="&niod;botb-Marienberg">
  <skos:exactMatch rdf:resource="http://sws.geonames.org/2751177/"/>
</rdf:Description>

<rdf:Description rdf:about="&niod;botb-Marum">
  <skos:exactMatch rdf:resource="http://sws.geonames.org/2751111/"/>
</rdf:Description>

<rdf:Description rdf:about="&niod;botb-Meers">
  <skos:exactMatch rdf:resource="http://sws.geonames.org/2751040/"/>
</rdf:Description>

<rdf:Description rdf:about="&niod;botb-Mildam">
  <skos:exactMatch rdf:resource="http://sws.geonames.org/2750805/"/>
</rdf:Description>

<rdf:Description rdf:about="&niod;botb-Monster">
  <skos:exactMatch rdf:resource="http://sws.geonames.org/2750630/"/>
</rdf:Description>

<rdf:Description rdf:about="&niod;botb-Mook">
  <skos:exactMatch rdf:resource="http://sws.geonames.org/2750621/"/>
</rdf:Description>

<rdf:Description rdf:about="&niod;botb-Munster">
  <skos:exactMatch rdf:resource="http://sws.geonames.org/2750540/"/>
</rdf:Description>

<rdf:Description rdf:about="&niod;botb-Neeritter">
  <skos:exactMatch rdf:resource="http://sws.geonames.org/2750443/"/>
</rdf:Description>

<rdf:Description rdf:about="&niod;botb-Nieuw-Vennep">
  <skos:exactMatch rdf:resource="http://sws.geonames.org/2750121/"/>
</rdf:Description>

<rdf:Description rdf:about="&niod;botb-Noord-Brabant">
  <skos:exactMatch rdf:resource="http://sws.geonames.org/2749990/"/>
</rdf:Description>

<rdf:Description rdf:about="&niod;botb-Noord-Holland">
  <skos:exactMatch rdf:resource="http://sws.geonames.org/2749879/"/>
</rdf:Description>

<rdf:Description rdf:about="&niod;botb-Oosterhesselen">
  <skos:exactMatch rdf:resource="http://sws.geonames.org/2749461/"/>
</rdf:Description>

<rdf:Description rdf:about="&niod;botb-Oss">
  <skos:exactMatch rdf:resource="http://sws.geonames.org/2749234/"/>
</rdf:Description>

<rdf:Description rdf:about="&niod;botb-Ouddorp">
  <skos:exactMatch rdf:resource="http://sws.geonames.org/2749164/"/>
</rdf:Description>

<rdf:Description rdf:about="&niod;botb-Roermond">
  <skos:exactMatch rdf:resource="http://sws.geonames.org/2748000/"/>
</rdf:Description>

<rdf:Description rdf:about="&niod;botb-Roggel">
  <skos:exactMatch rdf:resource="http://sws.geonames.org/2747990/"/>
</rdf:Description>

<rdf:Description rdf:about="&niod;botb-Ruinerwold">
  <skos:exactMatch rdf:resource="http://sws.geonames.org/2747828/"/>
</rdf:Description>

<rdf:Description rdf:about="&niod;botb-Saba">
  <skos:exactMatch rdf:resource="http://sws.geonames.org/7114196/"/>
</rdf:Description>

<rdf:Description rdf:about="&niod;botb-Simonszand">
  <skos:exactMatch rdf:resource="http://sws.geonames.org/2747313/"/>
</rdf:Description>

<rdf:Description rdf:about="&niod;botb-Simpelveld">
  <skos:exactMatch rdf:resource="http://sws.geonames.org/2747312/"/>
</rdf:Description>

<rdf:Description rdf:about="&niod;botb-Sint_Annaland">
  <skos:exactMatch rdf:resource="http://sws.geonames.org/2747298/"/>
</rdf:Description>

<rdf:Description rdf:about="&niod;botb-Slochteren">
  <skos:exactMatch rdf:resource="http://sws.geonames.org/2747143/"/>
</rdf:Description>

<rdf:Description rdf:about="&niod;botb-Staphorst">
  <skos:exactMatch rdf:resource="http://sws.geonames.org/2746839/"/>
</rdf:Description>

<rdf:Description rdf:about="&niod;botb-Tungelroy">
  <skos:exactMatch rdf:resource="http://sws.geonames.org/2746114/"/>
</rdf:Description>

<rdf:Description rdf:about="&niod;botb-Ulrum">
  <skos:exactMatch rdf:resource="http://sws.geonames.org/2745944/"/>
</rdf:Description>

<rdf:Description rdf:about="&niod;botb-Utrechtse_heuvelrug">
  <skos:exactMatch rdf:resource="http://sws.geonames.org/2756685/"/>
</rdf:Description>

<rdf:Description rdf:about="&niod;botb-Vlijmen">
  <skos:exactMatch rdf:resource="http://sws.geonames.org/2745396/"/>
</rdf:Description>

<rdf:Description rdf:about="&niod;botb-Waarde">
  <skos:exactMatch rdf:resource="http://sws.geonames.org/2745118/"/>
</rdf:Description>

<rdf:Description rdf:about="&niod;botb-West-Souburg">
  <skos:exactMatch rdf:resource="http://sws.geonames.org/2744611/"/>
</rdf:Description>

<rdf:Description rdf:about="&niod;botb-Westerbork">
  <skos:exactMatch rdf:resource="http://sws.geonames.org/2744769/"/>
</rdf:Description>

<rdf:Description rdf:about="&niod;botb-Westerschelde">
  <skos:exactMatch rdf:resource="http://sws.geonames.org/2744698/"/>
</rdf:Description>

<rdf:Description rdf:about="&niod;botb-Westwoud">
  <skos:exactMatch rdf:resource="http://sws.geonames.org/2744603/"/>
</rdf:Description>

<rdf:Description rdf:about="&niod;botb-Wijmbritseradeel">
  <skos:exactMatch rdf:resource="http://sws.geonames.org/2744131/"/>
</rdf:Description>

<rdf:Description rdf:about="&niod;botb-Witmarsum">
  <skos:exactMatch rdf:resource="http://sws.geonames.org/2744303/"/>
</rdf:Description>

<rdf:Description rdf:about="&niod;botb-Workum">
  <skos:exactMatch rdf:resource="http://sws.geonames.org/2744179/"/>
</rdf:Description>

<rdf:Description rdf:about="&niod;botb-Zuid-Beijerland">
  <skos:exactMatch rdf:resource="http://sws.geonames.org/2743807/"/>
</rdf:Description>

<rdf:Description rdf:about="&niod;botb-Zuid-Beveland">
  <skos:exactMatch rdf:resource="http://sws.geonames.org/2743805/"/>
</rdf:Description>

<rdf:Description rdf:about="&niod;botb-Zuid-Holland">
  <skos:exactMatch rdf:resource="http://sws.geonames.org/2743698/"/>
</rdf:Description>

<rdf:Description rdf:about="&niod;botb-ren">
  <skos:exactMatch rdf:resource="http://sws.geonames.org/2748243/"/>
</rdf:Description>

<rdf:Description rdf:about="&niod;botb-s-Gravendeel">
  <skos:exactMatch rdf:resource="http://sws.geonames.org/2747375/"/>
</rdf:Description>

</rdf:RDF>
