<?xml version='1.0' encoding='UTF-8'?>
<!DOCTYPE rdf:RDF [
    <!ENTITY niod 'http://purl.org/collections/nl/niod/'>
    <!ENTITY rdf 'http://www.w3.org/1999/02/22-rdf-syntax-ns#'>
    <!ENTITY skos 'http://www.w3.org/2004/02/skos/core#'>
		<!ENTITY dc 'http://purl.org/dc/elements/1.1/'>

]>

<rdf:RDF
    xmlns:niod="&niod;"
    xmlns:rdf="&rdf;"
    xmlns:skos="&skos;"
	xmlns:dc="&dc;"
>


<meta>
        <dc:identifier>botb_niod_mapping</dc:identifier>
        <dc:format>rdf/xml</dc:format>
        <dc:type>Resource Description Format</dc:type>
        <dc:coverage>The Netherlands</dc:coverage>
        <dc:coverage>World War II</dc:coverage>
        <dc:creator>De Jong, Loe</dc:creator>
	<dc:publisher>NIOD Instituut voor Oorlogs-, Holocaust- en Genocidestudies</dc:publisher>
        <dc:contributor>Boer, V. de</dc:contributor>
        <dc:contributor>Buitinck, L.</dc:contributor>
        <dc:contributor>Doornik, J. van</dc:contributor>
        <dc:contributor>Grootveld, M.</dc:contributor>
        <dc:contributor>Marx, M.</dc:contributor>
        <dc:contributor>Ribbens, K.</dc:contributor>
        <dc:contributor>Veken, T.</dc:contributor>
        <dc:rights>This work is licensed under a Creative Commons Attribution 3.0 Unported License</dc:rights>
        <dc:date>2012-12-20</dc:date>
        <dc:title>Linked Data versie van de Links van Back-of-the-book termen naar de NIOD thesaurus voor 'Het Koninkrijk der Nederlanden in de Tweede Wereldoorlog'</dc:title>
        <dc:description>Linked Data version of Links from Back of the book terms to the NIOD Thesaurus for 'Het Koninkrijk der Nederlanden in de Tweede Wereldoorlog, digitally enriched and curated for
CLARIN-NL</dc:description>
        <dc:source>http://www.niod.nl/koninkrijk/default.asp</dc:source>
        <dc:subject>Verrijkt Koninkrijk</dc:subject>
        <dc:subject>Koninkrijk der Nederlanden in de Tweede Wereldoorlog</dc:subject>
        <dc:subject>Loe de Jong</dc:subject>
        <dc:subject>Linked Data</dc:subject>
        <dc:subject>Semantic Web</dc:subject>
        <dc:subject>Back of the Book</dc:subject>
        <dc:subject>NIOD Thesaurus</dc:subject>
        <dc:subject>RDF</dc:subject>
     <dc:subject>SKOS</dc:subject>
        <dc:relation>De Linked Data versie van de metadata van de verrijkte versie Koninkrijk der Nederlanden in de Tweede
Wereldoorlog [Resource is a version of metadata of 'Verrijkt Koninkrijk'][Relationship described is isVersionOf]</dc:relation>
        <dc:language>nld</dc:language>
    </meta>


<rdf:Description rdf:about="&niod;Boeddhisme">
  <skos:exactMatch rdf:resource="&niod;botb-Boeddhisme"/>
</rdf:Description>

<rdf:Description rdf:about="&niod;Christendom">
  <skos:exactMatch rdf:resource="&niod;botb-Christendom"/>
</rdf:Description>

<rdf:Description rdf:about="&niod;Duikboten">
  <skos:exactMatch rdf:resource="&niod;botb-U-Boote"/>
</rdf:Description>

<rdf:Description rdf:about="&niod;Fascisme">
  <skos:exactMatch rdf:resource="&niod;botb-Fascisme"/>
</rdf:Description>

<rdf:Description rdf:about="&niod;Kustvaart">
  <skos:exactMatch rdf:resource="&niod;botb-Kustvaart"/>
</rdf:Description>

<rdf:Description rdf:about="&niod;Liberalisme">
  <skos:exactMatch rdf:resource="&niod;botb-Liberalisme"/>
</rdf:Description>

<rdf:Description rdf:about="&niod;Luchtmacht">
  <skos:exactMatch rdf:resource="&niod;botb-Luchtstrijdkrachten"/>
</rdf:Description>

<rdf:Description rdf:about="&niod;Marxisme">
  <skos:exactMatch rdf:resource="&niod;botb-Marxisme"/>
</rdf:Description>

<rdf:Description rdf:about="&niod;Noodgeld">
  <skos:exactMatch rdf:resource="&niod;botb-Noodgeld"/>
</rdf:Description>

<rdf:Description rdf:about="&niod;Pacifisme">
  <skos:exactMatch rdf:resource="&niod;botb-Pacifisme"/>
</rdf:Description>

<rdf:Description rdf:about="&niod;Standrecht">
  <skos:exactMatch rdf:resource="&niod;botb-Standrecht"/>
</rdf:Description>

<rdf:Description rdf:about="&niod;Steenkolen">
  <skos:exactMatch rdf:resource="&niod;botb-Energievoorziening"/>
  <skos:exactMatch rdf:resource="&niod;botb-Mijnen"/>
  <skos:exactMatch rdf:resource="&niod;botb-Steenkool"/>
</rdf:Description>

<rdf:Description rdf:about="&niod;Verordeningen">
  <skos:exactMatch rdf:resource="&niod;botb-Verordeningen"/>
</rdf:Description>

<rdf:Description rdf:about="&niod;Wapendroppings">
  <skos:exactMatch rdf:resource="&niod;botb-Wapendroppings"/>
</rdf:Description>

<rdf:Description rdf:about="&niod;Zionisme">
  <skos:exactMatch rdf:resource="&niod;botb-Zionisme"/>
</rdf:Description>

<rdf:Description rdf:about="&niod;Aannemers">
  <skos:exactMatch rdf:resource="&niod;botb-Aannemers"/>
</rdf:Description>

<rdf:Description rdf:about="&niod;Afweerdienst">
  <skos:exactMatch rdf:resource="&niod;botb-Afweerdienst"/>
</rdf:Description>

<rdf:Description rdf:about="&niod;Ambtenaren">
  <skos:exactMatch rdf:resource="&niod;botb-Ambtenaren"/>
</rdf:Description>

<rdf:Description rdf:about="&niod;Anarchisme">
  <skos:exactMatch rdf:resource="&niod;botb-Anarchisme"/>
</rdf:Description>

<rdf:Description rdf:about="&niod;Arbeid">
  <skos:exactMatch rdf:resource="&niod;botb-Arbeid"/>
</rdf:Description>

<rdf:Description rdf:about="&niod;Arbeidsbemiddeling">
  <skos:exactMatch rdf:resource="&niod;botb-Arbeidsbemiddeling"/>
</rdf:Description>

<rdf:Description rdf:about="&niod;Arbeidsinzet">
  <skos:exactMatch rdf:resource="&niod;botb-Arbeidsinzet"/>
</rdf:Description>

<rdf:Description rdf:about="&niod;Arbeidsvoorwaarden">
  <skos:exactMatch rdf:resource="&niod;botb-Arbeidsvoorwaarden"/>
</rdf:Description>

<rdf:Description rdf:about="&niod;Armenzorg">
  <skos:exactMatch rdf:resource="&niod;botb-Armenzorg"/>
</rdf:Description>

<rdf:Description rdf:about="&niod;Artsen">
  <skos:exactMatch rdf:resource="&niod;botb-Artsen"/>
</rdf:Description>

<rdf:Description rdf:about="&niod;Bankwezen">
  <skos:exactMatch rdf:resource="&niod;botb-Bankwezen"/>
</rdf:Description>

<rdf:Description rdf:about="&niod;Belastingen">
  <skos:exactMatch rdf:resource="&niod;botb-Belastingen"/>
</rdf:Description>

<rdf:Description rdf:about="&niod;Betalingsverkeer">
  <skos:exactMatch rdf:resource="&niod;botb-Betalingsverkeer"/>
</rdf:Description>

<rdf:Description rdf:about="&niod;Bevolkingsregisters">
  <skos:exactMatch rdf:resource="&niod;botb-Bevolkingsregisters"/>
</rdf:Description>

<rdf:Description rdf:about="&niod;Bijltjesdag">
  <skos:exactMatch rdf:resource="&niod;botb-Bijltjesdag"/>
</rdf:Description>

<rdf:Description rdf:about="&niod;Bijzondere_rechtspleging">
  <skos:exactMatch rdf:resource="&niod;botb-Bijzondere_Rechtspleging"/>
</rdf:Description>

<rdf:Description rdf:about="&niod;Bioscopen">
  <skos:exactMatch rdf:resource="&niod;botb-Bioscopen"/>
</rdf:Description>

<rdf:Description rdf:about="&niod;Blitzkrieg">
  <skos:exactMatch rdf:resource="&niod;botb-Blitzkrieg"/>
</rdf:Description>

<rdf:Description rdf:about="&niod;Boeren">
  <skos:exactMatch rdf:resource="&niod;botb-Boeren"/>
</rdf:Description>

<rdf:Description rdf:about="&niod;Bombardementen">
  <skos:exactMatch rdf:resource="&niod;botb-Bombardementen"/>
</rdf:Description>

<rdf:Description rdf:about="&niod;Bosbouw">
  <skos:exactMatch rdf:resource="&niod;botb-Bosbouw"/>
</rdf:Description>

<rdf:Description rdf:about="&niod;Bouwnijverheid">
  <skos:exactMatch rdf:resource="&niod;botb-Bouwnijverheid"/>
</rdf:Description>

<rdf:Description rdf:about="&niod;Brandweer">
  <skos:exactMatch rdf:resource="&niod;botb-Brandweer"/>
</rdf:Description>

<rdf:Description rdf:about="&niod;Bruggen">
  <skos:exactMatch rdf:resource="&niod;botb-Bruggen"/>
</rdf:Description>

<rdf:Description rdf:about="&niod;Burgerwacht">
  <skos:exactMatch rdf:resource="&niod;botb-Burgerwacht"/>
</rdf:Description>

<rdf:Description rdf:about="&niod;Collaboratie">
  <skos:exactMatch rdf:resource="&niod;botb-Collaboratie"/>
</rdf:Description>

<rdf:Description rdf:about="&niod;Confectie-industrie">
  <skos:exactMatch rdf:resource="&niod;botb-Confectie-industrie"/>
</rdf:Description>

<rdf:Description rdf:about="&niod;Crossings">
  <skos:exactMatch rdf:resource="&niod;botb-Crossings"/>
</rdf:Description>

<rdf:Description rdf:about="&niod;Delfstoffen">
  <skos:exactMatch rdf:resource="&niod;botb-Delfstoffen"/>
</rdf:Description>

<rdf:Description rdf:about="&niod;Demobilisatie">
  <skos:exactMatch rdf:resource="&niod;botb-Demobilisatie"/>
</rdf:Description>

<rdf:Description rdf:about="&niod;Departementen">
  <skos:exactMatch rdf:resource="&niod;botb-Departementen"/>
</rdf:Description>

<rdf:Description rdf:about="&niod;Desertie">
  <skos:exactMatch rdf:resource="&niod;botb-Desertie"/>
</rdf:Description>

<rdf:Description rdf:about="&niod;Dienstweigering">
  <skos:exactMatch rdf:resource="&niod;botb-Dienstweigering"/>
</rdf:Description>

<rdf:Description rdf:about="&niod;Documentatie">
  <skos:exactMatch rdf:resource="&niod;botb-Documentatie"/>
</rdf:Description>

<rdf:Description rdf:about="&niod;Doodstraf">
  <skos:exactMatch rdf:resource="&niod;botb-Doodstraf"/>
</rdf:Description>

<rdf:Description rdf:about="&niod;Doodvonnissen">
  <skos:exactMatch rdf:resource="&niod;botb-Doodvonnissen"/>
</rdf:Description>

<rdf:Description rdf:about="&niod;Douane">
  <skos:exactMatch rdf:resource="&niod;botb-Douane"/>
  <skos:exactMatch rdf:resource="&niod;botb-Grensbewaking"/>
</rdf:Description>

<rdf:Description rdf:about="&niod;Dwangarbeiders">
  <skos:exactMatch rdf:resource="&niod;botb-Dwangarbeiders"/>
</rdf:Description>

<rdf:Description rdf:about="&niod;Echtscheidingen">
  <skos:exactMatch rdf:resource="&niod;botb-Echtscheidingen"/>
</rdf:Description>

<rdf:Description rdf:about="&niod;Engelandvaarders">
  <skos:exactMatch rdf:resource="&niod;botb-Engelandvaarders"/>
</rdf:Description>

<rdf:Description rdf:about="&niod;Film">
  <skos:exactMatch rdf:resource="&niod;botb-Film"/>
</rdf:Description>

<rdf:Description rdf:about="&niod;Gaarkeukens">
  <skos:exactMatch rdf:resource="&niod;botb-Centrale_Keukens"/>
</rdf:Description>

<rdf:Description rdf:about="&niod;Geldzuivering">
  <skos:exactMatch rdf:resource="&niod;botb-Geldzuivering"/>
</rdf:Description>

<rdf:Description rdf:about="&niod;Gemeenten">
  <skos:exactMatch rdf:resource="&niod;botb-Gemeenten"/>
</rdf:Description>

<rdf:Description rdf:about="&niod;Geruchten">
  <skos:exactMatch rdf:resource="&niod;botb-Geruchten"/>
</rdf:Description>

<rdf:Description rdf:about="&niod;Geslachtsziekten">
  <skos:exactMatch rdf:resource="&niod;botb-Geslachtsziekten"/>
</rdf:Description>

<rdf:Description rdf:about="&niod;Gestapo">
  <skos:exactMatch rdf:resource="&niod;botb-Gestapo"/>
</rdf:Description>

<rdf:Description rdf:about="&niod;Gijzelaars">
  <skos:exactMatch rdf:resource="&niod;botb-Gijzelaars"/>
</rdf:Description>

<rdf:Description rdf:about="&niod;Graven">
  <skos:exactMatch rdf:resource="&niod;botb-Grave"/>
</rdf:Description>

<rdf:Description rdf:about="&niod;Grensbewaking">
  <skos:exactMatch rdf:resource="&niod;botb-Grensbewaking"/>
</rdf:Description>

<rdf:Description rdf:about="&niod;Grondstoffen">
  <skos:exactMatch rdf:resource="&niod;botb-Grondstoffen"/>
</rdf:Description>

<rdf:Description rdf:about="&niod;Hagespraken">
  <skos:exactMatch rdf:resource="&niod;botb-Hagespraken"/>
</rdf:Description>

<rdf:Description rdf:about="&niod;Havens">
  <skos:exactMatch rdf:resource="&niod;botb-Havens"/>
</rdf:Description>

<rdf:Description rdf:about="&niod;Herstelbetalingen">
  <skos:exactMatch rdf:resource="&niod;botb-Herstelbetalingen"/>
</rdf:Description>

<rdf:Description rdf:about="&niod;Hout">
  <skos:exactMatch rdf:resource="&niod;botb-Hout"/>
</rdf:Description>

<rdf:Description rdf:about="&niod;Humor">
  <skos:exactMatch rdf:resource="&niod;botb-Humor"/>
</rdf:Description>

<rdf:Description rdf:about="&niod;Internering">
  <skos:exactMatch rdf:resource="&niod;botb-Internering"/>
</rdf:Description>

<rdf:Description rdf:about="&niod;Inundaties">
  <skos:exactMatch rdf:resource="&niod;botb-Inundaties"/>
</rdf:Description>

<rdf:Description rdf:about="&niod;Joden">
  <skos:exactMatch rdf:resource="&niod;botb-Joden"/>
</rdf:Description>

<rdf:Description rdf:about="&niod;Kampen">
  <skos:exactMatch rdf:resource="&niod;botb-Kampen"/>
</rdf:Description>

<rdf:Description rdf:about="&niod;Koninklijk_Huis">
  <skos:exactMatch rdf:resource="&niod;botb-Koninklijk_Huis"/>
</rdf:Description>

<rdf:Description rdf:about="&niod;Kunstenaars">
  <skos:exactMatch rdf:resource="&niod;botb-Kunstenaars"/>
</rdf:Description>

<rdf:Description rdf:about="&niod;Kunsthandel">
  <skos:exactMatch rdf:resource="&niod;botb-Kunsthandel"/>
</rdf:Description>

<rdf:Description rdf:about="&niod;Kunstroof">
  <skos:exactMatch rdf:resource="&niod;botb-Kunstroof"/>
</rdf:Description>

<rdf:Description rdf:about="&niod;Lebensborn">
  <skos:exactMatch rdf:resource="&niod;botb-Lebensborn"/>
</rdf:Description>

<rdf:Description rdf:about="&niod;Luchtbescherming">
  <skos:exactMatch rdf:resource="&niod;botb-Luchtbescherming"/>
</rdf:Description>

<rdf:Description rdf:about="&niod;Machines">
  <skos:exactMatch rdf:resource="&niod;botb-Machines"/>
</rdf:Description>

<rdf:Description rdf:about="&niod;Militair_gezag">
  <skos:exactMatch rdf:resource="&niod;botb-Militair_Gezag"/>
</rdf:Description>

<rdf:Description rdf:about="&niod;Musea">
  <skos:exactMatch rdf:resource="&niod;botb-Musea"/>
</rdf:Description>

<rdf:Description rdf:about="&niod;Onderwijs">
  <skos:exactMatch rdf:resource="&niod;botb-Onderwijs"/>
</rdf:Description>

<rdf:Description rdf:about="&niod;Oorlogspleegkinderen">
  <skos:exactMatch rdf:resource="&niod;botb-Oorlogspleegkinderen"/>
</rdf:Description>

<rdf:Description rdf:about="&niod;Oorlogsschade">
  <skos:exactMatch rdf:resource="&niod;botb-Oorlogsschade"/>
</rdf:Description>

<rdf:Description rdf:about="&niod;Opstanden">
  <skos:exactMatch rdf:resource="&niod;botb-Opstanden"/>
</rdf:Description>

<rdf:Description rdf:about="&niod;Overvallen">
  <skos:exactMatch rdf:resource="&niod;botb-Overvallen"/>
</rdf:Description>

<rdf:Description rdf:about="&niod;Pensioenen">
  <skos:exactMatch rdf:resource="&niod;botb-Pensioenen"/>
</rdf:Description>

<rdf:Description rdf:about="&niod;Pilotenhulp">
  <skos:exactMatch rdf:resource="&niod;botb-Pilotenhulp"/>
</rdf:Description>

<rdf:Description rdf:about="&niod;Plunderingen">
  <skos:exactMatch rdf:resource="&niod;botb-Plunderingen"/>
</rdf:Description>

<rdf:Description rdf:about="&niod;Publieke_opinie">
  <skos:exactMatch rdf:resource="&niod;botb-Publieke_opinie"/>
</rdf:Description>

<rdf:Description rdf:about="&niod;Reclame">
  <skos:exactMatch rdf:resource="&niod;botb-Reclame"/>
</rdf:Description>

<rdf:Description rdf:about="&niod;Regeringscommissarissen">
  <skos:exactMatch rdf:resource="&niod;botb-Regeringscommissarissen"/>
</rdf:Description>

<rdf:Description rdf:about="&niod;Rijksbureaus">
  <skos:exactMatch rdf:resource="&niod;botb-Rijksbureaus"/>
</rdf:Description>

<rdf:Description rdf:about="&niod;Sabotage">
  <skos:exactMatch rdf:resource="&niod;botb-Sabotage"/>
</rdf:Description>

<rdf:Description rdf:about="&niod;Scheepvaart">
  <skos:exactMatch rdf:resource="&niod;botb-Scheepvaart"/>
</rdf:Description>

<rdf:Description rdf:about="&niod;Scholen">
  <skos:exactMatch rdf:resource="&niod;botb-Scholen"/>
</rdf:Description>

<rdf:Description rdf:about="&niod;Sinti_en_Roma">
  <skos:exactMatch rdf:resource="&niod;botb-Zigeuners"/>
</rdf:Description>

<rdf:Description rdf:about="&niod;Spionage">
  <skos:exactMatch rdf:resource="&niod;botb-Spionage"/>
</rdf:Description>

<rdf:Description rdf:about="&niod;Stakingen">
  <skos:exactMatch rdf:resource="&niod;botb-Stakingen"/>
</rdf:Description>

<rdf:Description rdf:about="&niod;Sterilisatie">
  <skos:exactMatch rdf:resource="&niod;botb-Sterilisatie"/>
</rdf:Description>

<rdf:Description rdf:about="&niod;Studenten">
  <skos:exactMatch rdf:resource="&niod;botb-Studenten"/>
</rdf:Description>

<rdf:Description rdf:about="&niod;Studentenverzet">
  <skos:exactMatch rdf:resource="&niod;botb-Studentenverzet"/>
</rdf:Description>

<rdf:Description rdf:about="&niod;Televisie">
  <skos:exactMatch rdf:resource="&niod;botb-Televisie"/>
</rdf:Description>

<rdf:Description rdf:about="&niod;Tribunalen">
  <skos:exactMatch rdf:resource="&niod;botb-Tribunalen"/>
</rdf:Description>

<rdf:Description rdf:about="&niod;Vakbeweging">
  <skos:exactMatch rdf:resource="&niod;botb-Vakbeweging"/>
</rdf:Description>

<rdf:Description rdf:about="&niod;Veeteelt">
  <skos:exactMatch rdf:resource="&niod;botb-Veeteelt"/>
</rdf:Description>

<rdf:Description rdf:about="&niod;Verkiezingen">
  <skos:exactMatch rdf:resource="&niod;botb-Verkiezingen"/>
</rdf:Description>

<rdf:Description rdf:about="&niod;Vermogens">
  <skos:exactMatch rdf:resource="&niod;botb-Vermogens"/>
</rdf:Description>

<rdf:Description rdf:about="&niod;Verzet">
  <skos:exactMatch rdf:resource="&niod;botb-Verzet"/>
</rdf:Description>

<rdf:Description rdf:about="&niod;Vijfde_Colonne">
  <skos:exactMatch rdf:resource="&niod;botb-Vijfde_Colonne"/>
</rdf:Description>

<rdf:Description rdf:about="&niod;Visserij">
  <skos:exactMatch rdf:resource="&niod;botb-Visserij"/>
</rdf:Description>

<rdf:Description rdf:about="&niod;Vliegvelden">
  <skos:exactMatch rdf:resource="&niod;botb-Vliegvelden"/>
</rdf:Description>

<rdf:Description rdf:about="&niod;Vluchtelingen">
  <skos:exactMatch rdf:resource="&niod;botb-Vluchtelingen"/>
</rdf:Description>

<rdf:Description rdf:about="&niod;Voeding">
  <skos:exactMatch rdf:resource="&niod;botb-Voeding"/>
</rdf:Description>

<rdf:Description rdf:about="&niod;Volksduitsers">
  <skos:exactMatch rdf:resource="&niod;botb-Volksduitsers"/>
</rdf:Description>

<rdf:Description rdf:about="&niod;Volksgezondheid">
  <skos:exactMatch rdf:resource="&niod;botb-Volksgezondheid"/>
</rdf:Description>

<rdf:Description rdf:about="&niod;Vreemdelingen">
  <skos:exactMatch rdf:resource="&niod;botb-Vreemdelingen"/>
</rdf:Description>

<rdf:Description rdf:about="&niod;Vrijmetselarij">
  <skos:exactMatch rdf:resource="&niod;botb-Vrijmetselarij"/>
</rdf:Description>

<rdf:Description rdf:about="&niod;Waterschappen">
  <skos:exactMatch rdf:resource="&niod;botb-Waterschappen"/>
</rdf:Description>

<rdf:Description rdf:about="&niod;Wederopbouw">
  <skos:exactMatch rdf:resource="&niod;botb-Wederopbouw"/>
</rdf:Description>

<rdf:Description rdf:about="&niod;Werkloosheid">
  <skos:exactMatch rdf:resource="&niod;botb-Werkloosheid"/>
</rdf:Description>

<rdf:Description rdf:about="&niod;Zelfmoorden">
  <skos:exactMatch rdf:resource="&niod;botb-Zelfmoorden"/>
</rdf:Description>

<rdf:Description rdf:about="&niod;Ziekenhuizen">
  <skos:exactMatch rdf:resource="&niod;botb-Ziekenhuizen"/>
</rdf:Description>

<rdf:Description rdf:about="&niod;Zomertijd">
  <skos:exactMatch rdf:resource="&niod;botb-Zomertijd"/>
</rdf:Description>

<rdf:Description rdf:about="&niod;Aanslagen">
  <skos:exactMatch rdf:resource="&niod;botb-Aanslagen"/>
</rdf:Description>

<rdf:Description rdf:about="&niod;Abwehr">
  <skos:exactMatch rdf:resource="&niod;botb-Abwehr"/>
</rdf:Description>

<rdf:Description rdf:about="&niod;Anschluss">
  <skos:exactMatch rdf:resource="&niod;botb-Anschluss"/>
</rdf:Description>

<rdf:Description rdf:about="&niod;Arierverklaring">
  <skos:exactMatch rdf:resource="&niod;botb-Arierverklaring"/>
</rdf:Description>

<rdf:Description rdf:about="&niod;Asielrecht">
  <skos:exactMatch rdf:resource="&niod;botb-Asielrecht"/>
</rdf:Description>

<rdf:Description rdf:about="&niod;Avondklok">
  <skos:exactMatch rdf:resource="&niod;botb-Spertijd"/>
</rdf:Description>

<rdf:Description rdf:about="&niod;Boekhandels">
  <skos:exactMatch rdf:resource="&niod;botb-Boekhandel"/>
</rdf:Description>

<rdf:Description rdf:about="&niod;Boekverbrandingen">
  <skos:exactMatch rdf:resource="&niod;botb-Boekverbranding"/>
</rdf:Description>

<rdf:Description rdf:about="&niod;Brochures">
  <skos:exactMatch rdf:resource="&niod;botb-brochures"/>
</rdf:Description>

<rdf:Description rdf:about="&niod;Censuur">
  <skos:exactMatch rdf:resource="&niod;botb-Censuur"/>
</rdf:Description>

<rdf:Description rdf:about="&niod;Dagelijks_leven">
  <skos:exactMatch rdf:resource="&niod;botb-Dagelijks_leven"/>
</rdf:Description>

<rdf:Description rdf:about="&niod;Defaitisme">
  <skos:exactMatch rdf:resource="&niod;botb-Defaitisme"/>
</rdf:Description>

<rdf:Description rdf:about="&niod;Dekolonisatie">
  <skos:exactMatch rdf:resource="&niod;botb-Dekolonisatie"/>
</rdf:Description>

<rdf:Description rdf:about="&niod;Dienstplicht">
  <skos:exactMatch rdf:resource="&niod;botb-Dienstplicht"/>
</rdf:Description>

<rdf:Description rdf:about="&niod;Dieren">
  <skos:exactMatch rdf:resource="&niod;botb-Dieren"/>
</rdf:Description>

<rdf:Description rdf:about="&niod;Episcopaat">
  <skos:exactMatch rdf:resource="&niod;botb-Bisschoppen"/>
</rdf:Description>

<rdf:Description rdf:about="&niod;Evacuaties">
  <skos:exactMatch rdf:resource="&niod;botb-Evacuaties"/>
</rdf:Description>

<rdf:Description rdf:about="&niod;Executies">
  <skos:exactMatch rdf:resource="&niod;botb-Executies"/>
</rdf:Description>

<rdf:Description rdf:about="&niod;Faillissementen">
  <skos:exactMatch rdf:resource="&niod;botb-Faillissementen"/>
</rdf:Description>

<rdf:Description rdf:about="&niod;Films">
  <skos:exactMatch rdf:resource="&niod;botb-Film"/>
</rdf:Description>

<rdf:Description rdf:about="&niod;Financien">
  <skos:exactMatch rdf:resource="&niod;botb-Geldwezen"/>
</rdf:Description>

<rdf:Description rdf:about="&niod;Gaskamers">
  <skos:exactMatch rdf:resource="&niod;botb-Gaskamers"/>
</rdf:Description>

<rdf:Description rdf:about="&niod;Hoogleraren">
  <skos:exactMatch rdf:resource="&niod;botb-Hoogleraren"/>
</rdf:Description>

<rdf:Description rdf:about="&niod;Huisvesting">
  <skos:exactMatch rdf:resource="&niod;botb-Huisvesting"/>
</rdf:Description>

<rdf:Description rdf:about="&niod;Huwelijk">
  <skos:exactMatch rdf:resource="&niod;botb-Huwelijken"/>
</rdf:Description>

<rdf:Description rdf:about="&niod;Loyaliteitsverklaring">
  <skos:exactMatch rdf:resource="&niod;botb-Loyaliteitsverklaring"/>
</rdf:Description>

<rdf:Description rdf:about="&niod;Ontslagen">
  <skos:exactMatch rdf:resource="&niod;botb-Ontslagen"/>
</rdf:Description>

<rdf:Description rdf:about="&niod;Oorlogswinst">
  <skos:exactMatch rdf:resource="&niod;botb-Oorlogswinsten"/>
</rdf:Description>

<rdf:Description rdf:about="&niod;Parlement">
  <skos:exactMatch rdf:resource="&niod;botb-Staten-Generaal"/>
</rdf:Description>

<rdf:Description rdf:about="&niod;Politieke_gevangenen">
  <skos:exactMatch rdf:resource="&niod;botb-Politieke_gevangenen"/>
</rdf:Description>

<rdf:Description rdf:about="&niod;Postduiven">
  <skos:exactMatch rdf:resource="&niod;botb-Postduiven"/>
</rdf:Description>

<rdf:Description rdf:about="&niod;Postzegels">
  <skos:exactMatch rdf:resource="&niod;botb-Postzegels"/>
</rdf:Description>

<rdf:Description rdf:about="&niod;Radio">
  <skos:exactMatch rdf:resource="&niod;botb-Radio"/>
</rdf:Description>

<rdf:Description rdf:about="&niod;Rechtsherstel">
  <skos:exactMatch rdf:resource="&niod;botb-Rechtsherstel"/>
</rdf:Description>

<rdf:Description rdf:about="&niod;Repatriering">
  <skos:exactMatch rdf:resource="&niod;botb-Repatriering"/>
</rdf:Description>

<rdf:Description rdf:about="&niod;Ritueel_slachten">
  <skos:exactMatch rdf:resource="&niod;botb-Ritueel_slachten"/>
</rdf:Description>

<rdf:Description rdf:about="&niod;Smokkel">
  <skos:exactMatch rdf:resource="&niod;botb-Smokkel"/>
</rdf:Description>

<rdf:Description rdf:about="&niod;Spergebieden">
  <skos:exactMatch rdf:resource="&niod;botb-Spergebieden"/>
</rdf:Description>

<rdf:Description rdf:about="&niod;Uitgeverijen">
  <skos:exactMatch rdf:resource="&niod;botb-Uitgeverijen"/>
</rdf:Description>

<rdf:Description rdf:about="&niod;Uitkeringen">
  <skos:exactMatch rdf:resource="&niod;botb-Wachtgeldregelingen"/>
</rdf:Description>

<rdf:Description rdf:about="&niod;Verraad">
  <skos:exactMatch rdf:resource="&niod;botb-Verraad"/>
</rdf:Description>

<rdf:Description rdf:about="&niod;Vluchtelingenkampen">
  <skos:exactMatch rdf:resource="&niod;botb-Vluchtelingenkampen"/>
</rdf:Description>

<rdf:Description rdf:about="&niod;Ziekenfondsen">
  <skos:exactMatch rdf:resource="&niod;botb-Ziekenfondsen"/>
</rdf:Description>

<rdf:Description rdf:about="&niod;Ziekten">
  <skos:exactMatch rdf:resource="&niod;botb-Ziekten"/>
</rdf:Description>

</rdf:RDF>
