<?xml version='1.0' encoding='UTF-8'?>
<!DOCTYPE rdf:RDF [
    <!ENTITY niod 'http://purl.org/collections/nl/niod/'>
    <!ENTITY rdf 'http://www.w3.org/1999/02/22-rdf-syntax-ns#'>
    <!ENTITY skos 'http://www.w3.org/2004/02/skos/core#'>
	<!ENTITY dc 'http://purl.org/dc/elements/1.1/'>
]>

<rdf:RDF
    xmlns:niod="&niod;"
    xmlns:rdf="&rdf;"
    xmlns:skos="&skos;"
	xmlns:dc="&dc;"
>

<meta>
        <dc:identifier></dc:identifier>
        <dc:format>rdf/xml</dc:format>
        <dc:type>Resource Description Format</dc:type>
        <dc:coverage>The Netherlands</dc:coverage>
        <dc:coverage>World War II</dc:coverage>
        <dc:creator>De Jong, Loe</dc:creator>
	<dc:publisher>NIOD Instituut voor Oorlogs-, Holocaust- en Genocidestudies</dc:publisher>
        <dc:contributor>Boer, V. de</dc:contributor>
        <dc:contributor>Buitinck, L.</dc:contributor>
        <dc:contributor>Doornik, J. van</dc:contributor>
        <dc:contributor>Grootveld, M.</dc:contributor>
        <dc:contributor>Marx, M.</dc:contributor>
        <dc:contributor>Ribbens, K.</dc:contributor>
        <dc:contributor>Veken, T.</dc:contributor>
        <dc:rights>This work is licensed under a Creative Commons Attribution 3.0 Unported License</dc:rights>
        <dc:date>2012-12-20</dc:date>
        <dc:title>Linked Data versie van de Back-of-the-Book index op 'Het Koninkrijk der Nederlanden in de Tweede Wereldoorlog'</dc:title>
        <dc:description>Linked Data version of Back-of-the-Book index of 'Het Koninkrijk der Nederlanden in de Tweede Wereldoorlog, digitally enriched and curated for
CLARIN-NL</dc:description>
        <dc:source>http://www.niod.nl/koninkrijk/default.asp</dc:source>
        <dc:subject>Verrijkt Koninkrijk</dc:subject>
        <dc:subject>Koninkrijk der Nederlanden in de Tweede Wereldoorlog</dc:subject>
        <dc:subject>Loe de Jong</dc:subject>
        <dc:subject>Linked Data</dc:subject>
        <dc:subject>Semantic Web</dc:subject>
        <dc:subject>Back of the book</dc:subject>
        <dc:subject>Index</dc:subject>
        <dc:subject>RDF</dc:subject>
     <dc:subject>SKOS</dc:subject>\n<dc:subject>SKOS</dc:subject>\n<dc:subject>SKOS</dc:subject>
        <dc:relation>De Linked Data versie van de metadata van de verrijkte versie Koninkrijk der Nederlanden in de Tweede
Wereldoorlog [Resource is a version of metadata of 'Verrijkt Koninkrijk'][Relationship described is isVersionOf]</dc:relation>
        <dc:language>nld</dc:language>
    </meta>
	
	
<rdf:Description rdf:about="&niod;botb-Aalsmeer">
  <skos:closeMatch rdf:resource="http://sws.geonames.org/2760133/"/>
</rdf:Description>

<rdf:Description rdf:about="&niod;botb-Abcoude">
  <skos:closeMatch rdf:resource="http://sws.geonames.org/2760066/"/>
  <skos:closeMatch rdf:resource="http://sws.geonames.org/6930404/"/>
</rdf:Description>

<rdf:Description rdf:about="&niod;botb-Achterhoek">
  <skos:closeMatch rdf:resource="http://sws.geonames.org/2755384/"/>
  <skos:closeMatch rdf:resource="http://sws.geonames.org/2760022/"/>
  <skos:closeMatch rdf:resource="http://sws.geonames.org/2760023/"/>
  <skos:closeMatch rdf:resource="http://sws.geonames.org/2760024/"/>
  <skos:closeMatch rdf:resource="http://sws.geonames.org/2760025/"/>
  <skos:closeMatch rdf:resource="http://sws.geonames.org/2760026/"/>
  <skos:closeMatch rdf:resource="http://sws.geonames.org/2760027/"/>
  <skos:closeMatch rdf:resource="http://sws.geonames.org/2760043/"/>
</rdf:Description>

<rdf:Description rdf:about="&niod;botb-Afferden">
  <skos:closeMatch rdf:resource="http://sws.geonames.org/2759945/"/>
  <skos:closeMatch rdf:resource="http://sws.geonames.org/2759946/"/>
</rdf:Description>

<rdf:Description rdf:about="&niod;botb-Alblasserdam">
  <skos:closeMatch rdf:resource="http://sws.geonames.org/2759914/"/>
</rdf:Description>

<rdf:Description rdf:about="&niod;botb-Alkmaar">
  <skos:closeMatch rdf:resource="http://sws.geonames.org/2759899/"/>
</rdf:Description>

<rdf:Description rdf:about="&niod;botb-Almelo">
  <skos:closeMatch rdf:resource="http://sws.geonames.org/2759887/"/>
  <skos:closeMatch rdf:resource="http://sws.geonames.org/2759888/"/>
</rdf:Description>

<rdf:Description rdf:about="&niod;botb-Ameland">
  <skos:closeMatch rdf:resource="http://sws.geonames.org/2759844/"/>
  <skos:closeMatch rdf:resource="http://sws.geonames.org/2759846/"/>
</rdf:Description>

<rdf:Description rdf:about="&niod;botb-Amersfoort">
  <skos:closeMatch rdf:resource="http://sws.geonames.org/2759820/"/>
</rdf:Description>

<rdf:Description rdf:about="&niod;botb-Amstelveen">
  <skos:closeMatch rdf:resource="http://sws.geonames.org/2759797/"/>
</rdf:Description>

<rdf:Description rdf:about="&niod;botb-Anna_Paulowna">
  <skos:closeMatch rdf:resource="http://sws.geonames.org/2759736/"/>
</rdf:Description>

<rdf:Description rdf:about="&niod;botb-Apeldoorn">
  <skos:closeMatch rdf:resource="http://sws.geonames.org/2759705/"/>
</rdf:Description>

<rdf:Description rdf:about="&niod;botb-Baarlo">
  <skos:closeMatch rdf:resource="http://sws.geonames.org/2759547/"/>
  <skos:closeMatch rdf:resource="http://sws.geonames.org/2759548/"/>
  <skos:closeMatch rdf:resource="http://sws.geonames.org/2759549/"/>
</rdf:Description>

<rdf:Description rdf:about="&niod;botb-Baarn">
  <skos:closeMatch rdf:resource="http://sws.geonames.org/2759543/"/>
</rdf:Description>

<rdf:Description rdf:about="&niod;botb-Bakkeveen">
  <skos:closeMatch rdf:resource="http://sws.geonames.org/2759486/"/>
  <skos:closeMatch rdf:resource="http://sws.geonames.org/6940353/"/>
</rdf:Description>

<rdf:Description rdf:about="&niod;botb-Barendrecht">
  <skos:closeMatch rdf:resource="http://sws.geonames.org/2759425/"/>
</rdf:Description>

<rdf:Description rdf:about="&niod;botb-Beijerland">
  <skos:closeMatch rdf:resource="http://sws.geonames.org/2759273/"/>
</rdf:Description>

<rdf:Description rdf:about="&niod;botb-Bergen_op_Zoom">
  <skos:closeMatch rdf:resource="http://sws.geonames.org/2759144/"/>
</rdf:Description>

<rdf:Description rdf:about="&niod;botb-Beverwijk">
  <skos:closeMatch rdf:resource="http://sws.geonames.org/2758997/"/>
</rdf:Description>

<rdf:Description rdf:about="&niod;botb-Blaricum">
  <skos:closeMatch rdf:resource="http://sws.geonames.org/2758867/"/>
</rdf:Description>

<rdf:Description rdf:about="&niod;botb-Bloemendaal">
  <skos:closeMatch rdf:resource="http://sws.geonames.org/2758802/"/>
  <skos:closeMatch rdf:resource="http://sws.geonames.org/2758803/"/>
  <skos:closeMatch rdf:resource="http://sws.geonames.org/2758805/"/>
</rdf:Description>

<rdf:Description rdf:about="&niod;botb-Blokker">
  <skos:closeMatch rdf:resource="http://sws.geonames.org/2744770/"/>
  <skos:closeMatch rdf:resource="http://sws.geonames.org/6955997/"/>
</rdf:Description>

<rdf:Description rdf:about="&niod;botb-Bodegraven">
  <skos:closeMatch rdf:resource="http://sws.geonames.org/2758764/"/>
</rdf:Description>

<rdf:Description rdf:about="&niod;botb-Boeren">
  <skos:closeMatch rdf:resource="http://sws.geonames.org/2758747/"/>
</rdf:Description>

<rdf:Description rdf:about="&niod;botb-Bonn">
  <skos:closeMatch rdf:resource="http://sws.geonames.org/2758656/"/>
</rdf:Description>

<rdf:Description rdf:about="&niod;botb-Bremen">
  <skos:closeMatch rdf:resource="http://sws.geonames.org/2758350/"/>
  <skos:closeMatch rdf:resource="http://sws.geonames.org/2758351/"/>
</rdf:Description>

<rdf:Description rdf:about="&niod;botb-Breukelen">
  <skos:closeMatch rdf:resource="http://sws.geonames.org/2758332/"/>
  <skos:closeMatch rdf:resource="http://sws.geonames.org/2758334/"/>
</rdf:Description>

<rdf:Description rdf:about="&niod;botb-Brielle">
  <skos:closeMatch rdf:resource="http://sws.geonames.org/2758325/"/>
</rdf:Description>

<rdf:Description rdf:about="&niod;botb-Broekhuizen">
  <skos:closeMatch rdf:resource="http://sws.geonames.org/2758263/"/>
  <skos:closeMatch rdf:resource="http://sws.geonames.org/2758264/"/>
  <skos:closeMatch rdf:resource="http://sws.geonames.org/2758265/"/>
  <skos:closeMatch rdf:resource="http://sws.geonames.org/2758266/"/>
  <skos:closeMatch rdf:resource="http://sws.geonames.org/2758267/"/>
</rdf:Description>

<rdf:Description rdf:about="&niod;botb-Brugge">
  <skos:closeMatch rdf:resource="http://sws.geonames.org/2755234/"/>
  <skos:closeMatch rdf:resource="http://sws.geonames.org/2758200/"/>
  <skos:closeMatch rdf:resource="http://sws.geonames.org/2758201/"/>
</rdf:Description>

<rdf:Description rdf:about="&niod;botb-Bruggen">
  <skos:closeMatch rdf:resource="http://sws.geonames.org/2755234/"/>
  <skos:closeMatch rdf:resource="http://sws.geonames.org/2758200/"/>
  <skos:closeMatch rdf:resource="http://sws.geonames.org/2758201/"/>
</rdf:Description>

<rdf:Description rdf:about="&niod;botb-Bunnik">
  <skos:closeMatch rdf:resource="http://sws.geonames.org/2758105/"/>
</rdf:Description>

<rdf:Description rdf:about="&niod;botb-Bunschoten">
  <skos:closeMatch rdf:resource="http://sws.geonames.org/2758103/"/>
</rdf:Description>

<rdf:Description rdf:about="&niod;botb-Bussum">
  <skos:closeMatch rdf:resource="http://sws.geonames.org/2758063/"/>
</rdf:Description>

<rdf:Description rdf:about="&niod;botb-Castricum">
  <skos:closeMatch rdf:resource="http://sws.geonames.org/2757990/"/>
</rdf:Description>

<rdf:Description rdf:about="&niod;botb-Culemborg">
  <skos:closeMatch rdf:resource="http://sws.geonames.org/2757871/"/>
</rdf:Description>

<rdf:Description rdf:about="&niod;botb-De_Bilt">
  <skos:closeMatch rdf:resource="http://sws.geonames.org/2757782/"/>
  <skos:closeMatch rdf:resource="http://sws.geonames.org/6296682/"/>
</rdf:Description>

<rdf:Description rdf:about="&niod;botb-De_Schans">
  <skos:closeMatch rdf:resource="http://sws.geonames.org/2757068/"/>
  <skos:closeMatch rdf:resource="http://sws.geonames.org/2757069/"/>
</rdf:Description>

<rdf:Description rdf:about="&niod;botb-De_Steeg">
  <skos:closeMatch rdf:resource="http://sws.geonames.org/2757041/"/>
  <skos:closeMatch rdf:resource="http://sws.geonames.org/2757042/"/>
</rdf:Description>

<rdf:Description rdf:about="&niod;botb-Delden">
  <skos:closeMatch rdf:resource="http://sws.geonames.org/2757370/"/>
  <skos:closeMatch rdf:resource="http://sws.geonames.org/2757371/"/>
</rdf:Description>

<rdf:Description rdf:about="&niod;botb-Delft">
  <skos:closeMatch rdf:resource="http://sws.geonames.org/2757344/"/>
  <skos:closeMatch rdf:resource="http://sws.geonames.org/2757348/"/>
</rdf:Description>

<rdf:Description rdf:about="&niod;botb-Den_Helder">
  <skos:closeMatch rdf:resource="http://sws.geonames.org/2751093/"/>
  <skos:closeMatch rdf:resource="http://sws.geonames.org/2757219/"/>
</rdf:Description>

<rdf:Description rdf:about="&niod;botb-Den_Hoorn">
  <skos:closeMatch rdf:resource="http://sws.geonames.org/2744898/"/>
  <skos:closeMatch rdf:resource="http://sws.geonames.org/2753636/"/>
  <skos:closeMatch rdf:resource="http://sws.geonames.org/2757213/"/>
  <skos:closeMatch rdf:resource="http://sws.geonames.org/2757215/"/>
</rdf:Description>

<rdf:Description rdf:about="&niod;botb-Den_Oever">
  <skos:closeMatch rdf:resource="http://sws.geonames.org/2757194/"/>
  <skos:closeMatch rdf:resource="http://sws.geonames.org/2757195/"/>
</rdf:Description>

<rdf:Description rdf:about="&niod;botb-Diemen">
  <skos:closeMatch rdf:resource="http://sws.geonames.org/2756887/"/>
  <skos:closeMatch rdf:resource="http://sws.geonames.org/2757695/"/>
</rdf:Description>

<rdf:Description rdf:about="&niod;botb-Doesburg">
  <skos:closeMatch rdf:resource="http://sws.geonames.org/2756771/"/>
  <skos:closeMatch rdf:resource="http://sws.geonames.org/2756772/"/>
</rdf:Description>

<rdf:Description rdf:about="&niod;botb-Dordrecht">
  <skos:closeMatch rdf:resource="http://sws.geonames.org/2756668/"/>
</rdf:Description>

<rdf:Description rdf:about="&niod;botb-Duins">
  <skos:closeMatch rdf:resource="http://sws.geonames.org/2756525/"/>
  <skos:closeMatch rdf:resource="http://sws.geonames.org/2756529/"/>
</rdf:Description>

<rdf:Description rdf:about="&niod;botb-Durgerdam">
  <skos:closeMatch rdf:resource="http://sws.geonames.org/2756485/"/>
  <skos:closeMatch rdf:resource="http://sws.geonames.org/6930374/"/>
</rdf:Description>

<rdf:Description rdf:about="&niod;botb-Eindhoven">
  <skos:closeMatch rdf:resource="http://sws.geonames.org/2756253/"/>
  <skos:closeMatch rdf:resource="http://sws.geonames.org/6296684/"/>
</rdf:Description>

<rdf:Description rdf:about="&niod;botb-Emmen">
  <skos:closeMatch rdf:resource="http://sws.geonames.org/2756136/"/>
  <skos:closeMatch rdf:resource="http://sws.geonames.org/2756137/"/>
</rdf:Description>

<rdf:Description rdf:about="&niod;botb-Enkhuizen">
  <skos:closeMatch rdf:resource="http://sws.geonames.org/2756076/"/>
</rdf:Description>

<rdf:Description rdf:about="&niod;botb-Frankrijk">
  <skos:closeMatch rdf:resource="http://sws.geonames.org/2755839/"/>
  <skos:closeMatch rdf:resource="http://sws.geonames.org/6639606/"/>
</rdf:Description>

<rdf:Description rdf:about="&niod;botb-Gaasterland">
  <skos:closeMatch rdf:resource="http://sws.geonames.org/2755786/"/>
  <skos:closeMatch rdf:resource="http://sws.geonames.org/2755787/"/>
</rdf:Description>

<rdf:Description rdf:about="&niod;botb-Geertruidenberg">
  <skos:closeMatch rdf:resource="http://sws.geonames.org/2755668/"/>
</rdf:Description>

<rdf:Description rdf:about="&niod;botb-Geldermalsen">
  <skos:closeMatch rdf:resource="http://sws.geonames.org/2755632/"/>
</rdf:Description>

<rdf:Description rdf:about="&niod;botb-Gendt">
  <skos:closeMatch rdf:resource="http://sws.geonames.org/2755597/"/>
</rdf:Description>

<rdf:Description rdf:about="&niod;botb-Gennep">
  <skos:closeMatch rdf:resource="http://sws.geonames.org/2755584/"/>
  <skos:closeMatch rdf:resource="http://sws.geonames.org/2755585/"/>
</rdf:Description>

<rdf:Description rdf:about="&niod;botb-Gent">
  <skos:closeMatch rdf:resource="http://sws.geonames.org/2755597/"/>
</rdf:Description>

<rdf:Description rdf:about="&niod;botb-Gereformeerde_Kerken">
  <skos:closeMatch rdf:resource="http://sws.geonames.org/6943322/"/>
  <skos:closeMatch rdf:resource="http://sws.geonames.org/6954201/"/>
</rdf:Description>

<rdf:Description rdf:about="&niod;botb-Geul">
  <skos:closeMatch rdf:resource="http://sws.geonames.org/2755556/"/>
  <skos:closeMatch rdf:resource="http://sws.geonames.org/2755557/"/>
  <skos:closeMatch rdf:resource="http://sws.geonames.org/2755559/"/>
  <skos:closeMatch rdf:resource="http://sws.geonames.org/2755560/"/>
</rdf:Description>

<rdf:Description rdf:about="&niod;botb-Goes">
  <skos:closeMatch rdf:resource="http://sws.geonames.org/2755475/"/>
</rdf:Description>

<rdf:Description rdf:about="&niod;botb-Gorinchem">
  <skos:closeMatch rdf:resource="http://sws.geonames.org/2755433/"/>
</rdf:Description>

<rdf:Description rdf:about="&niod;botb-Gouda">
  <skos:closeMatch rdf:resource="http://sws.geonames.org/2755419/"/>
</rdf:Description>

<rdf:Description rdf:about="&niod;botb-Graz">
  <skos:closeMatch rdf:resource="http://sws.geonames.org/2755353/"/>
</rdf:Description>

<rdf:Description rdf:about="&niod;botb-Grebbe">
  <skos:closeMatch rdf:resource="http://sws.geonames.org/2745854/"/>
  <skos:closeMatch rdf:resource="http://sws.geonames.org/2755352/"/>
</rdf:Description>

<rdf:Description rdf:about="&niod;botb-Groenland">
  <skos:closeMatch rdf:resource="http://sws.geonames.org/2755283/"/>
</rdf:Description>

<rdf:Description rdf:about="&niod;botb-Groningen">
  <skos:closeMatch rdf:resource="http://sws.geonames.org/2755249/"/>
</rdf:Description>

<rdf:Description rdf:about="&niod;botb-Gulpen">
  <skos:closeMatch rdf:resource="http://sws.geonames.org/2755047/"/>
  <skos:closeMatch rdf:resource="http://sws.geonames.org/6544225/"/>
</rdf:Description>

<rdf:Description rdf:about="&niod;botb-Haarlem">
  <skos:closeMatch rdf:resource="http://sws.geonames.org/2755002/"/>
</rdf:Description>

<rdf:Description rdf:about="&niod;botb-Haarlemmermeer">
  <skos:closeMatch rdf:resource="http://sws.geonames.org/2753801/"/>
</rdf:Description>

<rdf:Description rdf:about="&niod;botb-Halfweg">
  <skos:closeMatch rdf:resource="http://sws.geonames.org/2754939/"/>
  <skos:closeMatch rdf:resource="http://sws.geonames.org/2754940/"/>
  <skos:closeMatch rdf:resource="http://sws.geonames.org/2754941/"/>
  <skos:closeMatch rdf:resource="http://sws.geonames.org/2754942/"/>
  <skos:closeMatch rdf:resource="http://sws.geonames.org/2754943/"/>
  <skos:closeMatch rdf:resource="http://sws.geonames.org/2754944/"/>
</rdf:Description>

<rdf:Description rdf:about="&niod;botb-Hamm">
  <skos:closeMatch rdf:resource="http://sws.geonames.org/2754903/"/>
</rdf:Description>

<rdf:Description rdf:about="&niod;botb-Harderwijk">
  <skos:closeMatch rdf:resource="http://sws.geonames.org/2754847/"/>
  <skos:closeMatch rdf:resource="http://sws.geonames.org/2754848/"/>
</rdf:Description>

<rdf:Description rdf:about="&niod;botb-Haringvliet">
  <skos:closeMatch rdf:resource="http://sws.geonames.org/2754827/"/>
  <skos:closeMatch rdf:resource="http://sws.geonames.org/2754828/"/>
</rdf:Description>

<rdf:Description rdf:about="&niod;botb-Harlingen">
  <skos:closeMatch rdf:resource="http://sws.geonames.org/2754816/"/>
</rdf:Description>

<rdf:Description rdf:about="&niod;botb-Hedel">
  <skos:closeMatch rdf:resource="http://sws.geonames.org/2754719/"/>
  <skos:closeMatch rdf:resource="http://sws.geonames.org/2754720/"/>
</rdf:Description>

<rdf:Description rdf:about="&niod;botb-Heemskerk">
  <skos:closeMatch rdf:resource="http://sws.geonames.org/2754696/"/>
  <skos:closeMatch rdf:resource="http://sws.geonames.org/6468608/"/>
</rdf:Description>

<rdf:Description rdf:about="&niod;botb-Heemstede">
  <skos:closeMatch rdf:resource="http://sws.geonames.org/2754691/"/>
  <skos:closeMatch rdf:resource="http://sws.geonames.org/2754693/"/>
</rdf:Description>

<rdf:Description rdf:about="&niod;botb-Heerenveen">
  <skos:closeMatch rdf:resource="http://sws.geonames.org/2754668/"/>
</rdf:Description>

<rdf:Description rdf:about="&niod;botb-Heeswijk">
  <skos:closeMatch rdf:resource="http://sws.geonames.org/2754627/"/>
  <skos:closeMatch rdf:resource="http://sws.geonames.org/2754628/"/>
  <skos:closeMatch rdf:resource="http://sws.geonames.org/2754629/"/>
</rdf:Description>

<rdf:Description rdf:about="&niod;botb-Heeze">
  <skos:closeMatch rdf:resource="http://sws.geonames.org/2754619/"/>
</rdf:Description>

<rdf:Description rdf:about="&niod;botb-Hellevoetsluis">
  <skos:closeMatch rdf:resource="http://sws.geonames.org/2754453/"/>
</rdf:Description>

<rdf:Description rdf:about="&niod;botb-Hembrug">
  <skos:closeMatch rdf:resource="http://sws.geonames.org/2754432/"/>
  <skos:closeMatch rdf:resource="http://sws.geonames.org/2754433/"/>
</rdf:Description>

<rdf:Description rdf:about="&niod;botb-Heusden">
  <skos:closeMatch rdf:resource="http://sws.geonames.org/2754135/"/>
  <skos:closeMatch rdf:resource="http://sws.geonames.org/2754136/"/>
</rdf:Description>

<rdf:Description rdf:about="&niod;botb-Heyen">
  <skos:closeMatch rdf:resource="http://sws.geonames.org/2754552/"/>
</rdf:Description>

<rdf:Description rdf:about="&niod;botb-Hillegom">
  <skos:closeMatch rdf:resource="http://sws.geonames.org/2754072/"/>
</rdf:Description>

<rdf:Description rdf:about="&niod;botb-Hoek_van_Holland">
  <skos:closeMatch rdf:resource="http://sws.geonames.org/2753918/"/>
  <skos:closeMatch rdf:resource="http://sws.geonames.org/2754007/"/>
</rdf:Description>

<rdf:Description rdf:about="&niod;botb-Hoekse_Waard">
  <skos:closeMatch rdf:resource="http://sws.geonames.org/2754014/"/>
  <skos:closeMatch rdf:resource="http://sws.geonames.org/2759273/"/>
</rdf:Description>

<rdf:Description rdf:about="&niod;botb-Hoevelaken">
  <skos:closeMatch rdf:resource="http://sws.geonames.org/2753507/"/>
  <skos:closeMatch rdf:resource="http://sws.geonames.org/2753987/"/>
</rdf:Description>

<rdf:Description rdf:about="&niod;botb-Hoofddorp">
  <skos:closeMatch rdf:resource="http://sws.geonames.org/2753801/"/>
</rdf:Description>

<rdf:Description rdf:about="&niod;botb-Hoogstraten">
  <skos:closeMatch rdf:resource="http://sws.geonames.org/6544711/"/>
  <skos:closeMatch rdf:resource="http://sws.geonames.org/6544815/"/>
</rdf:Description>

<rdf:Description rdf:about="&niod;botb-Hoorn">
  <skos:closeMatch rdf:resource="http://sws.geonames.org/2744898/"/>
  <skos:closeMatch rdf:resource="http://sws.geonames.org/2753635/"/>
  <skos:closeMatch rdf:resource="http://sws.geonames.org/2753636/"/>
  <skos:closeMatch rdf:resource="http://sws.geonames.org/2753637/"/>
  <skos:closeMatch rdf:resource="http://sws.geonames.org/2753639/"/>
  <skos:closeMatch rdf:resource="http://sws.geonames.org/2753640/"/>
  <skos:closeMatch rdf:resource="http://sws.geonames.org/2757213/"/>
  <skos:closeMatch rdf:resource="http://sws.geonames.org/2757215/"/>
  <skos:closeMatch rdf:resource="http://sws.geonames.org/2757502/"/>
</rdf:Description>

<rdf:Description rdf:about="&niod;botb-Horst">
  <skos:closeMatch rdf:resource="http://sws.geonames.org/2753583/"/>
  <skos:closeMatch rdf:resource="http://sws.geonames.org/2753587/"/>
  <skos:closeMatch rdf:resource="http://sws.geonames.org/2753588/"/>
  <skos:closeMatch rdf:resource="http://sws.geonames.org/2753589/"/>
  <skos:closeMatch rdf:resource="http://sws.geonames.org/2753590/"/>
  <skos:closeMatch rdf:resource="http://sws.geonames.org/2753591/"/>
  <skos:closeMatch rdf:resource="http://sws.geonames.org/2757491/"/>
  <skos:closeMatch rdf:resource="http://sws.geonames.org/2757494/"/>
</rdf:Description>

<rdf:Description rdf:about="&niod;botb-Hout">
  <skos:closeMatch rdf:resource="http://sws.geonames.org/2750819/"/>
  <skos:closeMatch rdf:resource="http://sws.geonames.org/2753556/"/>
  <skos:closeMatch rdf:resource="http://sws.geonames.org/2753566/"/>
  <skos:closeMatch rdf:resource="http://sws.geonames.org/2753567/"/>
  <skos:closeMatch rdf:resource="http://sws.geonames.org/2753568/"/>
  <skos:closeMatch rdf:resource="http://sws.geonames.org/2757211/"/>
</rdf:Description>

<rdf:Description rdf:about="&niod;botb-Hulst">
  <skos:closeMatch rdf:resource="http://sws.geonames.org/2753437/"/>
  <skos:closeMatch rdf:resource="http://sws.geonames.org/2753438/"/>
  <skos:closeMatch rdf:resource="http://sws.geonames.org/2757209/"/>
</rdf:Description>

<rdf:Description rdf:about="&niod;botb-Jaarsveld">
  <skos:closeMatch rdf:resource="http://sws.geonames.org/2753294/"/>
  <skos:closeMatch rdf:resource="http://sws.geonames.org/6950746/"/>
</rdf:Description>

<rdf:Description rdf:about="&niod;botb-Kampen">
  <skos:closeMatch rdf:resource="http://sws.geonames.org/2753105/"/>
  <skos:closeMatch rdf:resource="http://sws.geonames.org/2753106/"/>
  <skos:closeMatch rdf:resource="http://sws.geonames.org/2753107/"/>
  <skos:closeMatch rdf:resource="http://sws.geonames.org/2753110/"/>
  <skos:closeMatch rdf:resource="http://sws.geonames.org/2753111/"/>
  <skos:closeMatch rdf:resource="http://sws.geonames.org/6544790/"/>
</rdf:Description>

<rdf:Description rdf:about="&niod;botb-Kapelle">
  <skos:closeMatch rdf:resource="http://sws.geonames.org/2753069/"/>
  <skos:closeMatch rdf:resource="http://sws.geonames.org/2753070/"/>
  <skos:closeMatch rdf:resource="http://sws.geonames.org/2758012/"/>
</rdf:Description>

<rdf:Description rdf:about="&niod;botb-Kijkduin">
  <skos:closeMatch rdf:resource="http://sws.geonames.org/2752842/"/>
  <skos:closeMatch rdf:resource="http://sws.geonames.org/2752843/"/>
  <skos:closeMatch rdf:resource="http://sws.geonames.org/6950007/"/>
</rdf:Description>

<rdf:Description rdf:about="&niod;botb-Kleef">
  <skos:closeMatch rdf:resource="http://sws.geonames.org/2752794/"/>
</rdf:Description>

<rdf:Description rdf:about="&niod;botb-Kornwerderzand">
  <skos:closeMatch rdf:resource="http://sws.geonames.org/2752421/"/>
  <skos:closeMatch rdf:resource="http://sws.geonames.org/2752422/"/>
</rdf:Description>

<rdf:Description rdf:about="&niod;botb-Kralingen">
  <skos:closeMatch rdf:resource="http://sws.geonames.org/2752314/"/>
  <skos:closeMatch rdf:resource="http://sws.geonames.org/2752315/"/>
</rdf:Description>

<rdf:Description rdf:about="&niod;botb-Krim">
  <skos:closeMatch rdf:resource="http://sws.geonames.org/2757396/"/>
  <skos:closeMatch rdf:resource="http://sws.geonames.org/2757397/"/>
</rdf:Description>

<rdf:Description rdf:about="&niod;botb-Leerdam">
  <skos:closeMatch rdf:resource="http://sws.geonames.org/2751807/"/>
</rdf:Description>

<rdf:Description rdf:about="&niod;botb-Leeuwarden">
  <skos:closeMatch rdf:resource="http://sws.geonames.org/2751791/"/>
  <skos:closeMatch rdf:resource="http://sws.geonames.org/6296689/"/>
</rdf:Description>

<rdf:Description rdf:about="&niod;botb-Leiden">
  <skos:closeMatch rdf:resource="http://sws.geonames.org/2751772/"/>
</rdf:Description>

<rdf:Description rdf:about="&niod;botb-Leiderdorp">
  <skos:closeMatch rdf:resource="http://sws.geonames.org/2751770/"/>
</rdf:Description>

<rdf:Description rdf:about="&niod;botb-Leusden">
  <skos:closeMatch rdf:resource="http://sws.geonames.org/2751688/"/>
</rdf:Description>

<rdf:Description rdf:about="&niod;botb-Limburg">
  <skos:closeMatch rdf:resource="http://sws.geonames.org/2751596/"/>
</rdf:Description>

<rdf:Description rdf:about="&niod;botb-Lisse">
  <skos:closeMatch rdf:resource="http://sws.geonames.org/2751546/"/>
</rdf:Description>

<rdf:Description rdf:about="&niod;botb-Lombok">
  <skos:closeMatch rdf:resource="http://sws.geonames.org/2751494/"/>
  <skos:closeMatch rdf:resource="http://sws.geonames.org/2751495/"/>
  <skos:closeMatch rdf:resource="http://sws.geonames.org/2751496/"/>
</rdf:Description>

<rdf:Description rdf:about="&niod;botb-Lopik">
  <skos:closeMatch rdf:resource="http://sws.geonames.org/2751435/"/>
</rdf:Description>

<rdf:Description rdf:about="&niod;botb-Luctor_et_Emergo">
  <skos:closeMatch rdf:resource="http://sws.geonames.org/6946756/"/>
  <skos:closeMatch rdf:resource="http://sws.geonames.org/6950417/"/>
</rdf:Description>

<rdf:Description rdf:about="&niod;botb-Maarssen">
  <skos:closeMatch rdf:resource="http://sws.geonames.org/2751315/"/>
  <skos:closeMatch rdf:resource="http://sws.geonames.org/2759977/"/>
</rdf:Description>

<rdf:Description rdf:about="&niod;botb-Maassluis">
  <skos:closeMatch rdf:resource="http://sws.geonames.org/2751284/"/>
</rdf:Description>

<rdf:Description rdf:about="&niod;botb-Makkum">
  <skos:closeMatch rdf:resource="http://sws.geonames.org/2751253/"/>
  <skos:closeMatch rdf:resource="http://sws.geonames.org/2751254/"/>
  <skos:closeMatch rdf:resource="http://sws.geonames.org/2751255/"/>
</rdf:Description>

<rdf:Description rdf:about="&niod;botb-Mark">
  <skos:closeMatch rdf:resource="http://sws.geonames.org/2751143/"/>
  <skos:closeMatch rdf:resource="http://sws.geonames.org/2751149/"/>
  <skos:closeMatch rdf:resource="http://sws.geonames.org/2751155/"/>
  <skos:closeMatch rdf:resource="http://sws.geonames.org/2751157/"/>
  <skos:closeMatch rdf:resource="http://sws.geonames.org/2751163/"/>
  <skos:closeMatch rdf:resource="http://sws.geonames.org/2751164/"/>
  <skos:closeMatch rdf:resource="http://sws.geonames.org/2752950/"/>
</rdf:Description>

<rdf:Description rdf:about="&niod;botb-Medemblik">
  <skos:closeMatch rdf:resource="http://sws.geonames.org/2751072/"/>
</rdf:Description>

<rdf:Description rdf:about="&niod;botb-Middelburg">
  <skos:closeMatch rdf:resource="http://sws.geonames.org/2750894/"/>
  <skos:closeMatch rdf:resource="http://sws.geonames.org/2750895/"/>
  <skos:closeMatch rdf:resource="http://sws.geonames.org/2750897/"/>
  <skos:closeMatch rdf:resource="http://sws.geonames.org/6621557/"/>
</rdf:Description>

<rdf:Description rdf:about="&niod;botb-Middelharnis">
  <skos:closeMatch rdf:resource="http://sws.geonames.org/2750883/"/>
</rdf:Description>

<rdf:Description rdf:about="&niod;botb-Millingen">
  <skos:closeMatch rdf:resource="http://sws.geonames.org/2750797/"/>
  <skos:closeMatch rdf:resource="http://sws.geonames.org/2750798/"/>
</rdf:Description>

<rdf:Description rdf:about="&niod;botb-Moskou">
  <skos:closeMatch rdf:resource="http://sws.geonames.org/2750592/"/>
  <skos:closeMatch rdf:resource="http://sws.geonames.org/2750593/"/>
</rdf:Description>

<rdf:Description rdf:about="&niod;botb-Muiden">
  <skos:closeMatch rdf:resource="http://sws.geonames.org/2750568/"/>
</rdf:Description>

<rdf:Description rdf:about="&niod;botb-Naarden">
  <skos:closeMatch rdf:resource="http://sws.geonames.org/2750520/"/>
</rdf:Description>

<rdf:Description rdf:about="&niod;botb-Nieuwe_Maas">
  <skos:closeMatch rdf:resource="http://sws.geonames.org/2750298/"/>
  <skos:closeMatch rdf:resource="http://sws.geonames.org/2758323/"/>
</rdf:Description>

<rdf:Description rdf:about="&niod;botb-Nieuwendijk">
  <skos:closeMatch rdf:resource="http://sws.geonames.org/2750285/"/>
  <skos:closeMatch rdf:resource="http://sws.geonames.org/2750286/"/>
</rdf:Description>

<rdf:Description rdf:about="&niod;botb-Nieuwersluis">
  <skos:closeMatch rdf:resource="http://sws.geonames.org/2750255/"/>
  <skos:closeMatch rdf:resource="http://sws.geonames.org/6930478/"/>
</rdf:Description>

<rdf:Description rdf:about="&niod;botb-Nijkerk">
  <skos:closeMatch rdf:resource="http://sws.geonames.org/2744704/"/>
  <skos:closeMatch rdf:resource="http://sws.geonames.org/2749427/"/>
  <skos:closeMatch rdf:resource="http://sws.geonames.org/2750064/"/>
</rdf:Description>

<rdf:Description rdf:about="&niod;botb-Nijmegen">
  <skos:closeMatch rdf:resource="http://sws.geonames.org/2748120/"/>
  <skos:closeMatch rdf:resource="http://sws.geonames.org/2750053/"/>
</rdf:Description>

<rdf:Description rdf:about="&niod;botb-Noord">
  <skos:closeMatch rdf:resource="http://sws.geonames.org/2749963/"/>
  <skos:closeMatch rdf:resource="http://sws.geonames.org/2749964/"/>
  <skos:closeMatch rdf:resource="http://sws.geonames.org/2750000/"/>
  <skos:closeMatch rdf:resource="http://sws.geonames.org/2750001/"/>
</rdf:Description>

<rdf:Description rdf:about="&niod;botb-Noord-Beveland">
  <skos:closeMatch rdf:resource="http://sws.geonames.org/2749991/"/>
  <skos:closeMatch rdf:resource="http://sws.geonames.org/6544253/"/>
</rdf:Description>

<rdf:Description rdf:about="&niod;botb-Noordwijk">
  <skos:closeMatch rdf:resource="http://sws.geonames.org/2749814/"/>
  <skos:closeMatch rdf:resource="http://sws.geonames.org/2749816/"/>
  <skos:closeMatch rdf:resource="http://sws.geonames.org/2749817/"/>
</rdf:Description>

<rdf:Description rdf:about="&niod;botb-Oegstgeest">
  <skos:closeMatch rdf:resource="http://sws.geonames.org/2749722/"/>
</rdf:Description>

<rdf:Description rdf:about="&niod;botb-Oldehove">
  <skos:closeMatch rdf:resource="http://sws.geonames.org/2749660/"/>
  <skos:closeMatch rdf:resource="http://sws.geonames.org/6946537/"/>
</rdf:Description>

<rdf:Description rdf:about="&niod;botb-Oosterhout">
  <skos:closeMatch rdf:resource="http://sws.geonames.org/2749447/"/>
  <skos:closeMatch rdf:resource="http://sws.geonames.org/2749448/"/>
  <skos:closeMatch rdf:resource="http://sws.geonames.org/2749449/"/>
</rdf:Description>

<rdf:Description rdf:about="&niod;botb-Oude_Rijn">
  <skos:closeMatch rdf:resource="http://sws.geonames.org/2749019/"/>
  <skos:closeMatch rdf:resource="http://sws.geonames.org/2749020/"/>
  <skos:closeMatch rdf:resource="http://sws.geonames.org/2855897/"/>
</rdf:Description>

<rdf:Description rdf:about="&niod;botb-Ouderkerk">
  <skos:closeMatch rdf:resource="http://sws.geonames.org/2749016/"/>
  <skos:closeMatch rdf:resource="http://sws.geonames.org/2749017/"/>
</rdf:Description>

<rdf:Description rdf:about="&niod;botb-Oudewater">
  <skos:closeMatch rdf:resource="http://sws.geonames.org/2748978/"/>
</rdf:Description>

<rdf:Description rdf:about="&niod;botb-Papendrecht">
  <skos:closeMatch rdf:resource="http://sws.geonames.org/2748728/"/>
</rdf:Description>

<rdf:Description rdf:about="&niod;botb-Perkpolder">
  <skos:closeMatch rdf:resource="http://sws.geonames.org/2748648/"/>
  <skos:closeMatch rdf:resource="http://sws.geonames.org/2748649/"/>
</rdf:Description>

<rdf:Description rdf:about="&niod;botb-Pernis">
  <skos:closeMatch rdf:resource="http://sws.geonames.org/2748647/"/>
  <skos:closeMatch rdf:resource="http://sws.geonames.org/6954295/"/>
</rdf:Description>

<rdf:Description rdf:about="&niod;botb-Poole">
  <skos:closeMatch rdf:resource="http://sws.geonames.org/2748518/"/>
  <skos:closeMatch rdf:resource="http://sws.geonames.org/2748526/"/>
  <skos:closeMatch rdf:resource="http://sws.geonames.org/2757135/"/>
</rdf:Description>

<rdf:Description rdf:about="&niod;botb-Purmerend">
  <skos:closeMatch rdf:resource="http://sws.geonames.org/2748412/"/>
  <skos:closeMatch rdf:resource="http://sws.geonames.org/2757123/"/>
</rdf:Description>

<rdf:Description rdf:about="&niod;botb-Putte">
  <skos:closeMatch rdf:resource="http://sws.geonames.org/2748392/"/>
  <skos:closeMatch rdf:resource="http://sws.geonames.org/2748393/"/>
  <skos:closeMatch rdf:resource="http://sws.geonames.org/2748394/"/>
  <skos:closeMatch rdf:resource="http://sws.geonames.org/2748397/"/>
  <skos:closeMatch rdf:resource="http://sws.geonames.org/2749635/"/>
</rdf:Description>

<rdf:Description rdf:about="&niod;botb-Putten">
  <skos:closeMatch rdf:resource="http://sws.geonames.org/2748392/"/>
  <skos:closeMatch rdf:resource="http://sws.geonames.org/2748393/"/>
  <skos:closeMatch rdf:resource="http://sws.geonames.org/2748394/"/>
  <skos:closeMatch rdf:resource="http://sws.geonames.org/2748397/"/>
  <skos:closeMatch rdf:resource="http://sws.geonames.org/2749635/"/>
</rdf:Description>

<rdf:Description rdf:about="&niod;botb-Reusel">
  <skos:closeMatch rdf:resource="http://sws.geonames.org/2748216/"/>
  <skos:closeMatch rdf:resource="http://sws.geonames.org/2748217/"/>
</rdf:Description>

<rdf:Description rdf:about="&niod;botb-Rheine">
  <skos:closeMatch rdf:resource="http://sws.geonames.org/2748179/"/>
</rdf:Description>

<rdf:Description rdf:about="&niod;botb-Ridderkerk">
  <skos:closeMatch rdf:resource="http://sws.geonames.org/2748171/"/>
</rdf:Description>

<rdf:Description rdf:about="&niod;botb-Rijk_van_Nijmegen">
  <skos:closeMatch rdf:resource="http://sws.geonames.org/2748120/"/>
</rdf:Description>

<rdf:Description rdf:about="&niod;botb-Rijn">
  <skos:closeMatch rdf:resource="http://sws.geonames.org/2748119/"/>
  <skos:closeMatch rdf:resource="http://sws.geonames.org/2748179/"/>
  <skos:closeMatch rdf:resource="http://sws.geonames.org/2749019/"/>
  <skos:closeMatch rdf:resource="http://sws.geonames.org/2750470/"/>
  <skos:closeMatch rdf:resource="http://sws.geonames.org/2757097/"/>
</rdf:Description>

<rdf:Description rdf:about="&niod;botb-Rijswijk">
  <skos:closeMatch rdf:resource="http://sws.geonames.org/2748075/"/>
  <skos:closeMatch rdf:resource="http://sws.geonames.org/2748077/"/>
  <skos:closeMatch rdf:resource="http://sws.geonames.org/2748078/"/>
</rdf:Description>

<rdf:Description rdf:about="&niod;botb-Roer">
  <skos:closeMatch rdf:resource="http://sws.geonames.org/2748002/"/>
  <skos:closeMatch rdf:resource="http://sws.geonames.org/2748003/"/>
</rdf:Description>

<rdf:Description rdf:about="&niod;botb-Roosendaal">
  <skos:closeMatch rdf:resource="http://sws.geonames.org/2747865/"/>
  <skos:closeMatch rdf:resource="http://sws.geonames.org/2747929/"/>
</rdf:Description>

<rdf:Description rdf:about="&niod;botb-Rozenburg">
  <skos:closeMatch rdf:resource="http://sws.geonames.org/2747868/"/>
  <skos:closeMatch rdf:resource="http://sws.geonames.org/2747869/"/>
  <skos:closeMatch rdf:resource="http://sws.geonames.org/2747871/"/>
</rdf:Description>

<rdf:Description rdf:about="&niod;botb-Rozendaal">
  <skos:closeMatch rdf:resource="http://sws.geonames.org/2746142/"/>
  <skos:closeMatch rdf:resource="http://sws.geonames.org/2747864/"/>
  <skos:closeMatch rdf:resource="http://sws.geonames.org/2747865/"/>
  <skos:closeMatch rdf:resource="http://sws.geonames.org/2747866/"/>
  <skos:closeMatch rdf:resource="http://sws.geonames.org/2747867/"/>
  <skos:closeMatch rdf:resource="http://sws.geonames.org/2747929/"/>
</rdf:Description>

<rdf:Description rdf:about="&niod;botb-Ruurlo">
  <skos:closeMatch rdf:resource="http://sws.geonames.org/2747792/"/>
  <skos:closeMatch rdf:resource="http://sws.geonames.org/2747793/"/>
  <skos:closeMatch rdf:resource="http://sws.geonames.org/2753463/"/>
</rdf:Description>

<rdf:Description rdf:about="&niod;botb-Schagen">
  <skos:closeMatch rdf:resource="http://sws.geonames.org/2747719/"/>
  <skos:closeMatch rdf:resource="http://sws.geonames.org/6950722/"/>
</rdf:Description>

<rdf:Description rdf:about="&niod;botb-Scherpenzeel">
  <skos:closeMatch rdf:resource="http://sws.geonames.org/2747606/"/>
  <skos:closeMatch rdf:resource="http://sws.geonames.org/2747607/"/>
  <skos:closeMatch rdf:resource="http://sws.geonames.org/2747608/"/>
</rdf:Description>

<rdf:Description rdf:about="&niod;botb-Schiedam">
  <skos:closeMatch rdf:resource="http://sws.geonames.org/2747595/"/>
  <skos:closeMatch rdf:resource="http://sws.geonames.org/6941869/"/>
</rdf:Description>

<rdf:Description rdf:about="&niod;botb-Schiermonnikoog">
  <skos:closeMatch rdf:resource="http://sws.geonames.org/2747589/"/>
  <skos:closeMatch rdf:resource="http://sws.geonames.org/2747592/"/>
</rdf:Description>

<rdf:Description rdf:about="&niod;botb-Schoonhoven">
  <skos:closeMatch rdf:resource="http://sws.geonames.org/2747505/"/>
</rdf:Description>

<rdf:Description rdf:about="&niod;botb-Siberie">
  <skos:closeMatch rdf:resource="http://sws.geonames.org/2747345/"/>
  <skos:closeMatch rdf:resource="http://sws.geonames.org/2747346/"/>
</rdf:Description>

<rdf:Description rdf:about="&niod;botb-Sint_Philipsland">
  <skos:closeMatch rdf:resource="http://sws.geonames.org/2747221/"/>
  <skos:closeMatch rdf:resource="http://sws.geonames.org/2747222/"/>
</rdf:Description>

<rdf:Description rdf:about="&niod;botb-Sliedrecht">
  <skos:closeMatch rdf:resource="http://sws.geonames.org/2747168/"/>
</rdf:Description>

<rdf:Description rdf:about="&niod;botb-Sloten">
  <skos:closeMatch rdf:resource="http://sws.geonames.org/2746138/"/>
  <skos:closeMatch rdf:resource="http://sws.geonames.org/2747131/"/>
  <skos:closeMatch rdf:resource="http://sws.geonames.org/2747132/"/>
  <skos:closeMatch rdf:resource="http://sws.geonames.org/2747133/"/>
</rdf:Description>

<rdf:Description rdf:about="&niod;botb-Sluis">
  <skos:closeMatch rdf:resource="http://sws.geonames.org/2747114/"/>
  <skos:closeMatch rdf:resource="http://sws.geonames.org/2747115/"/>
  <skos:closeMatch rdf:resource="http://sws.geonames.org/2747116/"/>
  <skos:closeMatch rdf:resource="http://sws.geonames.org/6544904/"/>
</rdf:Description>

<rdf:Description rdf:about="&niod;botb-Soest">
  <skos:closeMatch rdf:resource="http://sws.geonames.org/2747033/"/>
</rdf:Description>

<rdf:Description rdf:about="&niod;botb-Spijkenisse">
  <skos:closeMatch rdf:resource="http://sws.geonames.org/2746931/"/>
</rdf:Description>

<rdf:Description rdf:about="&niod;botb-Spui">
  <skos:closeMatch rdf:resource="http://sws.geonames.org/2746882/"/>
  <skos:closeMatch rdf:resource="http://sws.geonames.org/2746883/"/>
  <skos:closeMatch rdf:resource="http://sws.geonames.org/2746884/"/>
  <skos:closeMatch rdf:resource="http://sws.geonames.org/2746885/"/>
  <skos:closeMatch rdf:resource="http://sws.geonames.org/2754207/"/>
</rdf:Description>

<rdf:Description rdf:about="&niod;botb-Stadskanaal">
  <skos:closeMatch rdf:resource="http://sws.geonames.org/2746860/"/>
  <skos:closeMatch rdf:resource="http://sws.geonames.org/2746861/"/>
</rdf:Description>

<rdf:Description rdf:about="&niod;botb-Steenbergen">
  <skos:closeMatch rdf:resource="http://sws.geonames.org/2746801/"/>
  <skos:closeMatch rdf:resource="http://sws.geonames.org/2746802/"/>
  <skos:closeMatch rdf:resource="http://sws.geonames.org/2746803/"/>
</rdf:Description>

<rdf:Description rdf:about="&niod;botb-Stein">
  <skos:closeMatch rdf:resource="http://sws.geonames.org/2746747/"/>
  <skos:closeMatch rdf:resource="http://sws.geonames.org/2746748/"/>
</rdf:Description>

<rdf:Description rdf:about="&niod;botb-Stroe">
  <skos:closeMatch rdf:resource="http://sws.geonames.org/2746595/"/>
  <skos:closeMatch rdf:resource="http://sws.geonames.org/2746596/"/>
</rdf:Description>

<rdf:Description rdf:about="&niod;botb-Terschelling">
  <skos:closeMatch rdf:resource="http://sws.geonames.org/2746412/"/>
  <skos:closeMatch rdf:resource="http://sws.geonames.org/2746414/"/>
</rdf:Description>

<rdf:Description rdf:about="&niod;botb-Tiel">
  <skos:closeMatch rdf:resource="http://sws.geonames.org/2746330/"/>
</rdf:Description>

<rdf:Description rdf:about="&niod;botb-Utrecht">
  <skos:closeMatch rdf:resource="http://sws.geonames.org/2745909/"/>
</rdf:Description>

<rdf:Description rdf:about="&niod;botb-Vecht">
  <skos:closeMatch rdf:resource="http://sws.geonames.org/2745793/"/>
  <skos:closeMatch rdf:resource="http://sws.geonames.org/2745794/"/>
  <skos:closeMatch rdf:resource="http://sws.geonames.org/2745795/"/>
  <skos:closeMatch rdf:resource="http://sws.geonames.org/2745796/"/>
</rdf:Description>

<rdf:Description rdf:about="&niod;botb-Veenendaal">
  <skos:closeMatch rdf:resource="http://sws.geonames.org/2745773/"/>
</rdf:Description>

<rdf:Description rdf:about="&niod;botb-Veenhuizen">
  <skos:closeMatch rdf:resource="http://sws.geonames.org/2745763/"/>
  <skos:closeMatch rdf:resource="http://sws.geonames.org/2745764/"/>
  <skos:closeMatch rdf:resource="http://sws.geonames.org/2745765/"/>
  <skos:closeMatch rdf:resource="http://sws.geonames.org/2745766/"/>
  <skos:closeMatch rdf:resource="http://sws.geonames.org/2745767/"/>
  <skos:closeMatch rdf:resource="http://sws.geonames.org/2745768/"/>
  <skos:closeMatch rdf:resource="http://sws.geonames.org/2745769/"/>
</rdf:Description>

<rdf:Description rdf:about="&niod;botb-Veere">
  <skos:closeMatch rdf:resource="http://sws.geonames.org/2745739/"/>
</rdf:Description>

<rdf:Description rdf:about="&niod;botb-Velp">
  <skos:closeMatch rdf:resource="http://sws.geonames.org/2745677/"/>
  <skos:closeMatch rdf:resource="http://sws.geonames.org/2745678/"/>
</rdf:Description>

<rdf:Description rdf:about="&niod;botb-Velsen">
  <skos:closeMatch rdf:resource="http://sws.geonames.org/2745675/"/>
</rdf:Description>

<rdf:Description rdf:about="&niod;botb-Vianen">
  <skos:closeMatch rdf:resource="http://sws.geonames.org/2745579/"/>
  <skos:closeMatch rdf:resource="http://sws.geonames.org/2745581/"/>
  <skos:closeMatch rdf:resource="http://sws.geonames.org/2745582/"/>
</rdf:Description>

<rdf:Description rdf:about="&niod;botb-Vlaardingen">
  <skos:closeMatch rdf:resource="http://sws.geonames.org/2745466/"/>
</rdf:Description>

<rdf:Description rdf:about="&niod;botb-Vlieland">
  <skos:closeMatch rdf:resource="http://sws.geonames.org/2745417/"/>
  <skos:closeMatch rdf:resource="http://sws.geonames.org/2745419/"/>
  <skos:closeMatch rdf:resource="http://sws.geonames.org/2745420/"/>
  <skos:closeMatch rdf:resource="http://sws.geonames.org/6296694/"/>
</rdf:Description>

<rdf:Description rdf:about="&niod;botb-Vliet">
  <skos:closeMatch rdf:resource="http://sws.geonames.org/2745410/"/>
  <skos:closeMatch rdf:resource="http://sws.geonames.org/2745411/"/>
  <skos:closeMatch rdf:resource="http://sws.geonames.org/2757342/"/>
</rdf:Description>

<rdf:Description rdf:about="&niod;botb-Vlissingen">
  <skos:closeMatch rdf:resource="http://sws.geonames.org/2745391/"/>
</rdf:Description>

<rdf:Description rdf:about="&niod;botb-Vollenhove">
  <skos:closeMatch rdf:resource="http://sws.geonames.org/2745332/"/>
  <skos:closeMatch rdf:resource="http://sws.geonames.org/2745333/"/>
</rdf:Description>

<rdf:Description rdf:about="&niod;botb-Voorne">
  <skos:closeMatch rdf:resource="http://sws.geonames.org/2745306/"/>
  <skos:closeMatch rdf:resource="http://sws.geonames.org/2745307/"/>
  <skos:closeMatch rdf:resource="http://sws.geonames.org/2753483/"/>
  <skos:closeMatch rdf:resource="http://sws.geonames.org/6930532/"/>
</rdf:Description>

<rdf:Description rdf:about="&niod;botb-Voorschoten">
  <skos:closeMatch rdf:resource="http://sws.geonames.org/2745300/"/>
</rdf:Description>

<rdf:Description rdf:about="&niod;botb-Vorden">
  <skos:closeMatch rdf:resource="http://sws.geonames.org/2745258/"/>
  <skos:closeMatch rdf:resource="http://sws.geonames.org/2745259/"/>
</rdf:Description>

<rdf:Description rdf:about="&niod;botb-Vreeswijk">
  <skos:closeMatch rdf:resource="http://sws.geonames.org/2745195/"/>
  <skos:closeMatch rdf:resource="http://sws.geonames.org/6930469/"/>
</rdf:Description>

<rdf:Description rdf:about="&niod;botb-Waalwijk">
  <skos:closeMatch rdf:resource="http://sws.geonames.org/2745122/"/>
</rdf:Description>

<rdf:Description rdf:about="&niod;botb-Waddenzee">
  <skos:closeMatch rdf:resource="http://sws.geonames.org/2745097/"/>
  <skos:closeMatch rdf:resource="http://sws.geonames.org/3230283/"/>
</rdf:Description>

<rdf:Description rdf:about="&niod;botb-Waddinxveen">
  <skos:closeMatch rdf:resource="http://sws.geonames.org/2745095/"/>
</rdf:Description>

<rdf:Description rdf:about="&niod;botb-Wassenaar">
  <skos:closeMatch rdf:resource="http://sws.geonames.org/2744989/"/>
</rdf:Description>

<rdf:Description rdf:about="&niod;botb-Waterland">
  <skos:closeMatch rdf:resource="http://sws.geonames.org/2744965/"/>
  <skos:closeMatch rdf:resource="http://sws.geonames.org/2744966/"/>
  <skos:closeMatch rdf:resource="http://sws.geonames.org/2744967/"/>
  <skos:closeMatch rdf:resource="http://sws.geonames.org/2744968/"/>
</rdf:Description>

<rdf:Description rdf:about="&niod;botb-Weert">
  <skos:closeMatch rdf:resource="http://sws.geonames.org/2744911/"/>
  <skos:closeMatch rdf:resource="http://sws.geonames.org/2744912/"/>
</rdf:Description>

<rdf:Description rdf:about="&niod;botb-Weesp">
  <skos:closeMatch rdf:resource="http://sws.geonames.org/2744903/"/>
</rdf:Description>

<rdf:Description rdf:about="&niod;botb-Westervoort">
  <skos:closeMatch rdf:resource="http://sws.geonames.org/2744675/"/>
  <skos:closeMatch rdf:resource="http://sws.geonames.org/6940389/"/>
</rdf:Description>

<rdf:Description rdf:about="&niod;botb-Westland">
  <skos:closeMatch rdf:resource="http://sws.geonames.org/2744633/"/>
  <skos:closeMatch rdf:resource="http://sws.geonames.org/6544261/"/>
</rdf:Description>

<rdf:Description rdf:about="&niod;botb-Wieringen">
  <skos:closeMatch rdf:resource="http://sws.geonames.org/2744540/"/>
  <skos:closeMatch rdf:resource="http://sws.geonames.org/2744541/"/>
</rdf:Description>

<rdf:Description rdf:about="&niod;botb-Willemsoord">
  <skos:closeMatch rdf:resource="http://sws.geonames.org/2744392/"/>
  <skos:closeMatch rdf:resource="http://sws.geonames.org/2749117/"/>
</rdf:Description>

<rdf:Description rdf:about="&niod;botb-Willemstad">
  <skos:closeMatch rdf:resource="http://sws.geonames.org/2744386/"/>
  <skos:closeMatch rdf:resource="http://sws.geonames.org/2744387/"/>
  <skos:closeMatch rdf:resource="http://sws.geonames.org/2744388/"/>
</rdf:Description>

<rdf:Description rdf:about="&niod;botb-Woensdrecht">
  <skos:closeMatch rdf:resource="http://sws.geonames.org/2744256/"/>
  <skos:closeMatch rdf:resource="http://sws.geonames.org/6296695/"/>
</rdf:Description>

<rdf:Description rdf:about="&niod;botb-Woerden">
  <skos:closeMatch rdf:resource="http://sws.geonames.org/2744247/"/>
  <skos:closeMatch rdf:resource="http://sws.geonames.org/2744249/"/>
  <skos:closeMatch rdf:resource="http://sws.geonames.org/6955788/"/>
</rdf:Description>

<rdf:Description rdf:about="&niod;botb-Worms">
  <skos:closeMatch rdf:resource="http://sws.geonames.org/2744170/"/>
</rdf:Description>

<rdf:Description rdf:about="&niod;botb-Woudenberg">
  <skos:closeMatch rdf:resource="http://sws.geonames.org/2744162/"/>
</rdf:Description>

<rdf:Description rdf:about="&niod;botb-Zandvoort">
  <skos:closeMatch rdf:resource="http://sws.geonames.org/2744040/"/>
  <skos:closeMatch rdf:resource="http://sws.geonames.org/2744041/"/>
  <skos:closeMatch rdf:resource="http://sws.geonames.org/2744043/"/>
  <skos:closeMatch rdf:resource="http://sws.geonames.org/2744044/"/>
  <skos:closeMatch rdf:resource="http://sws.geonames.org/6941541/"/>
</rdf:Description>

<rdf:Description rdf:about="&niod;botb-Zeeland">
  <skos:closeMatch rdf:resource="http://sws.geonames.org/2744011/"/>
  <skos:closeMatch rdf:resource="http://sws.geonames.org/2744013/"/>
  <skos:closeMatch rdf:resource="http://sws.geonames.org/2744014/"/>
</rdf:Description>

<rdf:Description rdf:about="&niod;botb-Zeist">
  <skos:closeMatch rdf:resource="http://sws.geonames.org/2743976/"/>
</rdf:Description>

<rdf:Description rdf:about="&niod;botb-Zevenbergen">
  <skos:closeMatch rdf:resource="http://sws.geonames.org/2743946/"/>
  <skos:closeMatch rdf:resource="http://sws.geonames.org/2743947/"/>
</rdf:Description>

<rdf:Description rdf:about="&niod;botb-Zijpe">
  <skos:closeMatch rdf:resource="http://sws.geonames.org/2743882/"/>
  <skos:closeMatch rdf:resource="http://sws.geonames.org/2743883/"/>
  <skos:closeMatch rdf:resource="http://sws.geonames.org/2743884/"/>
  <skos:closeMatch rdf:resource="http://sws.geonames.org/2743885/"/>
  <skos:closeMatch rdf:resource="http://sws.geonames.org/6544736/"/>
</rdf:Description>

<rdf:Description rdf:about="&niod;botb-Zoetermeer">
  <skos:closeMatch rdf:resource="http://sws.geonames.org/2743855/"/>
</rdf:Description>

<rdf:Description rdf:about="&niod;botb-Zuid-Limburg">
  <skos:closeMatch rdf:resource="http://sws.geonames.org/2751596/"/>
</rdf:Description>

<rdf:Description rdf:about="&niod;botb-Zuilen">
  <skos:closeMatch rdf:resource="http://sws.geonames.org/2748883/"/>
</rdf:Description>

<rdf:Description rdf:about="&niod;botb-Zundert">
  <skos:closeMatch rdf:resource="http://sws.geonames.org/2743618/"/>
</rdf:Description>

<rdf:Description rdf:about="&niod;botb-Zwijndrecht">
  <skos:closeMatch rdf:resource="http://sws.geonames.org/2743492/"/>
</rdf:Description>

<rdf:Description rdf:about="&niod;botb-Zwolle">
  <skos:closeMatch rdf:resource="http://sws.geonames.org/2743477/"/>
  <skos:closeMatch rdf:resource="http://sws.geonames.org/2743478/"/>
</rdf:Description>

<rdf:Description rdf:about="&niod;botb-jutphaas">
  <skos:closeMatch rdf:resource="http://sws.geonames.org/2753174/"/>
  <skos:closeMatch rdf:resource="http://sws.geonames.org/6930468/"/>
</rdf:Description>

<rdf:Description rdf:about="&niod;botb-Achterveld">
  <skos:closeMatch rdf:resource="http://sws.geonames.org/2759995/"/>
  <skos:closeMatch rdf:resource="http://sws.geonames.org/2759996/"/>
</rdf:Description>

<rdf:Description rdf:about="&niod;botb-Alphen_aan_den_Rijn">
  <skos:closeMatch rdf:resource="http://sws.geonames.org/2759874/"/>
</rdf:Description>

<rdf:Description rdf:about="&niod;botb-Amsterdam">
  <skos:closeMatch rdf:resource="http://sws.geonames.org/2759793/"/>
</rdf:Description>

<rdf:Description rdf:about="&niod;botb-Andijk">
  <skos:closeMatch rdf:resource="http://sws.geonames.org/2759773/"/>
</rdf:Description>

<rdf:Description rdf:about="&niod;botb-Belfort">
  <skos:closeMatch rdf:resource="http://sws.geonames.org/2759254/"/>
  <skos:closeMatch rdf:resource="http://sws.geonames.org/6470454/"/>
</rdf:Description>

<rdf:Description rdf:about="&niod;botb-Berghem">
  <skos:closeMatch rdf:resource="http://sws.geonames.org/2759126/"/>
  <skos:closeMatch rdf:resource="http://sws.geonames.org/2759127/"/>
</rdf:Description>

<rdf:Description rdf:about="&niod;botb-Breda">
  <skos:closeMatch rdf:resource="http://sws.geonames.org/2758400/"/>
</rdf:Description>

<rdf:Description rdf:about="&niod;botb-Deil">
  <skos:closeMatch rdf:resource="http://sws.geonames.org/2757241/"/>
  <skos:closeMatch rdf:resource="http://sws.geonames.org/2757478/"/>
</rdf:Description>

<rdf:Description rdf:about="&niod;botb-Dirksland">
  <skos:closeMatch rdf:resource="http://sws.geonames.org/2756786/"/>
</rdf:Description>

<rdf:Description rdf:about="&niod;botb-Eemnes">
  <skos:closeMatch rdf:resource="http://sws.geonames.org/2756393/"/>
</rdf:Description>

<rdf:Description rdf:about="&niod;botb-Engeland">
  <skos:closeMatch rdf:resource="http://sws.geonames.org/2756100/"/>
  <skos:closeMatch rdf:resource="http://sws.geonames.org/2756101/"/>
  <skos:closeMatch rdf:resource="http://sws.geonames.org/2756102/"/>
  <skos:closeMatch rdf:resource="http://sws.geonames.org/2756103/"/>
  <skos:closeMatch rdf:resource="http://sws.geonames.org/2756104/"/>
</rdf:Description>

<rdf:Description rdf:about="&niod;botb-Friesland">
  <skos:closeMatch rdf:resource="http://sws.geonames.org/2755812/"/>
  <skos:closeMatch rdf:resource="http://sws.geonames.org/6544699/"/>
</rdf:Description>

<rdf:Description rdf:about="&niod;botb-Geulle">
  <skos:closeMatch rdf:resource="http://sws.geonames.org/2755556/"/>
  <skos:closeMatch rdf:resource="http://sws.geonames.org/2755557/"/>
  <skos:closeMatch rdf:resource="http://sws.geonames.org/2755559/"/>
</rdf:Description>

<rdf:Description rdf:about="&niod;botb-Heerhugowaard">
  <skos:closeMatch rdf:resource="http://sws.geonames.org/2754658/"/>
</rdf:Description>

<rdf:Description rdf:about="&niod;botb-Hilversum">
  <skos:closeMatch rdf:resource="http://sws.geonames.org/2754063/"/>
</rdf:Description>

<rdf:Description rdf:about="&niod;botb-Hollandia">
  <skos:closeMatch rdf:resource="http://sws.geonames.org/2750405/"/>
</rdf:Description>

<rdf:Description rdf:about="&niod;botb-Hollandse_Ijssel">
  <skos:closeMatch rdf:resource="http://sws.geonames.org/2753910/"/>
</rdf:Description>

<rdf:Description rdf:about="&niod;botb-Huren">
  <skos:closeMatch rdf:resource="http://sws.geonames.org/2753398/"/>
</rdf:Description>

<rdf:Description rdf:about="&niod;botb-IJ">
  <skos:closeMatch rdf:resource="http://sws.geonames.org/2753383/"/>
  <skos:closeMatch rdf:resource="http://sws.geonames.org/2754261/"/>
</rdf:Description>

<rdf:Description rdf:about="&niod;botb-Ijmuiden">
  <skos:closeMatch rdf:resource="http://sws.geonames.org/2753375/"/>
  <skos:closeMatch rdf:resource="http://sws.geonames.org/2753376/"/>
</rdf:Description>

<rdf:Description rdf:about="&niod;botb-Ijssel">
  <skos:closeMatch rdf:resource="http://sws.geonames.org/2753367/"/>
  <skos:closeMatch rdf:resource="http://sws.geonames.org/2753910/"/>
</rdf:Description>

<rdf:Description rdf:about="&niod;botb-Klundert">
  <skos:closeMatch rdf:resource="http://sws.geonames.org/2752600/"/>
  <skos:closeMatch rdf:resource="http://sws.geonames.org/6251994/"/>
</rdf:Description>

<rdf:Description rdf:about="&niod;botb-Maurik">
  <skos:closeMatch rdf:resource="http://sws.geonames.org/2751085/"/>
  <skos:closeMatch rdf:resource="http://sws.geonames.org/2751086/"/>
</rdf:Description>

<rdf:Description rdf:about="&niod;botb-Nieuwlande">
  <skos:closeMatch rdf:resource="http://sws.geonames.org/2750170/"/>
  <skos:closeMatch rdf:resource="http://sws.geonames.org/2750171/"/>
  <skos:closeMatch rdf:resource="http://sws.geonames.org/2750174/"/>
  <skos:closeMatch rdf:resource="http://sws.geonames.org/2750175/"/>
  <skos:closeMatch rdf:resource="http://sws.geonames.org/2750176/"/>
  <skos:closeMatch rdf:resource="http://sws.geonames.org/2750178/"/>
  <skos:closeMatch rdf:resource="http://sws.geonames.org/2750179/"/>
</rdf:Description>

<rdf:Description rdf:about="&niod;botb-Oranjewoud">
  <skos:closeMatch rdf:resource="http://sws.geonames.org/2749251/"/>
  <skos:closeMatch rdf:resource="http://sws.geonames.org/2749252/"/>
</rdf:Description>

<rdf:Description rdf:about="&niod;botb-Oudenbosch">
  <skos:closeMatch rdf:resource="http://sws.geonames.org/2749053/"/>
  <skos:closeMatch rdf:resource="http://sws.geonames.org/2749054/"/>
</rdf:Description>

<rdf:Description rdf:about="&niod;botb-Petten">
  <skos:closeMatch rdf:resource="http://sws.geonames.org/2748630/"/>
  <skos:closeMatch rdf:resource="http://sws.geonames.org/2748631/"/>
</rdf:Description>

<rdf:Description rdf:about="&niod;botb-Rhenen">
  <skos:closeMatch rdf:resource="http://sws.geonames.org/2748184/"/>
</rdf:Description>

<rdf:Description rdf:about="&niod;botb-Rotterdam">
  <skos:closeMatch rdf:resource="http://sws.geonames.org/2747890/"/>
</rdf:Description>

<rdf:Description rdf:about="&niod;botb-Schiphol">
  <skos:closeMatch rdf:resource="http://sws.geonames.org/2747542/"/>
  <skos:closeMatch rdf:resource="http://sws.geonames.org/6296680/"/>
</rdf:Description>

<rdf:Description rdf:about="&niod;botb-Veluwe">
  <skos:closeMatch rdf:resource="http://sws.geonames.org/2745664/"/>
  <skos:closeMatch rdf:resource="http://sws.geonames.org/2745665/"/>
  <skos:closeMatch rdf:resource="http://sws.geonames.org/2745666/"/>
</rdf:Description>

<rdf:Description rdf:about="&niod;botb-Waal">
  <skos:closeMatch rdf:resource="http://sws.geonames.org/2745065/"/>
</rdf:Description>

<rdf:Description rdf:about="&niod;botb-Wervershoof">
  <skos:closeMatch rdf:resource="http://sws.geonames.org/2744819/"/>
</rdf:Description>

<rdf:Description rdf:about="&niod;botb-Wijk_bij_Duurstede">
  <skos:closeMatch rdf:resource="http://sws.geonames.org/2744482/"/>
</rdf:Description>

<rdf:Description rdf:about="&niod;botb-Wijk_en_Aalburg">
  <skos:closeMatch rdf:resource="http://sws.geonames.org/2760143/"/>
</rdf:Description>

<rdf:Description rdf:about="&niod;botb-s-Gravenhage">
  <skos:closeMatch rdf:resource="http://sws.geonames.org/2747372/"/>
</rdf:Description>

<rdf:Description rdf:about="&niod;botb-s-Hertogenbosch">
  <skos:closeMatch rdf:resource="http://sws.geonames.org/2747350/"/>
</rdf:Description>

</rdf:RDF>
