<?xml version='1.0' encoding='UTF-8'?>
<!DOCTYPE rdf:RDF [
    <!ENTITY niod 'http://purl.org/collections/nl/niod/'>
    <!ENTITY rdf 'http://www.w3.org/1999/02/22-rdf-syntax-ns#'>
    <!ENTITY rdfs 'http://www.w3.org/2000/01/rdf-schema#'>
    <!ENTITY skos 'http://www.w3.org/2004/02/skos/core#'>
		<!ENTITY dc 'http://purl.org/dc/elements/1.1/'>

]>

<rdf:RDF
    xmlns:niod="&niod;"
    xmlns:rdf="&rdf;"
    xmlns:rdfs="&rdfs;"
    xmlns:skos="&skos;"
	xmlns:dc="&dc;"
>


<meta>
        <dc:identifier>entities_schema</dc:identifier>
        <dc:format>rdf/xml</dc:format>
        <dc:type>Resource Description Format</dc:type>
        <dc:coverage>The Netherlands</dc:coverage>
        <dc:coverage>World War II</dc:coverage>
        <dc:creator>De Jong, Loe</dc:creator>
	<dc:publisher>NIOD Instituut voor Oorlogs-, Holocaust- en Genocidestudies</dc:publisher>
        <dc:contributor>Boer, V. de</dc:contributor>
        <dc:contributor>Buitinck, L.</dc:contributor>
        <dc:contributor>Doornik, J. van</dc:contributor>
        <dc:contributor>Grootveld, M.</dc:contributor>
        <dc:contributor>Marx, M.</dc:contributor>
        <dc:contributor>Ribbens, K.</dc:contributor>
        <dc:contributor>Veken, T.</dc:contributor>
        <dc:rights>This work is licensed under a Creative Commons Attribution 3.0 Unported License</dc:rights>
        <dc:date>2012-12-20</dc:date>
        <dc:title>Linked Data versie van het schema voor de named Entities index op  'Het Koninkrijk der Nederlanden in de Tweede Wereldoorlog'</dc:title>
        <dc:description>RDF schema for the Named Entities index to 'Het Koninkrijk der Nederlanden in de Tweede Wereldoorlog, digitally enriched and curated for
CLARIN-NL</dc:description>
        <dc:source>http://www.niod.nl/koninkrijk/default.asp</dc:source>
        <dc:subject>Verrijkt Koninkrijk</dc:subject>
        <dc:subject>Koninkrijk der Nederlanden in de Tweede Wereldoorlog</dc:subject>
        <dc:subject>Loe de Jong</dc:subject>
        <dc:subject>Linked Data</dc:subject>
        <dc:subject>Semantic Web</dc:subject>
        <dc:subject>Named Entities</dc:subject>
        <dc:subject>Schema</dc:subject>
        <dc:subject>RDF</dc:subject>
     <dc:subject>SKOS</dc:subject>
        <dc:relation>De Linked Data versie van de metadata van de verrijkte versie Koninkrijk der Nederlanden in de Tweede
Wereldoorlog [Resource is a version of metadata of 'Verrijkt Koninkrijk'][Relationship described is isVersionOf]</dc:relation>
        <dc:language>nld</dc:language>
    </meta>


<rdf:Property rdf:about="&niod;nerClass"
    rdfs:label="nerClass">
  <rdfs:domain rdf:resource="&skos;Concept"/>
  <rdfs:range rdf:resource="&niod;NerClass"/>
</rdf:Property>

<skos:ConceptScheme rdf:about="&niod;EntityScheme"
    rdfs:label="VK Named Entities Scheme"/>

<rdfs:Class rdf:about="&niod;NerClass"
    rdfs:label="NerClass"/>

<rdf:Property rdf:about="&niod;pRef"
    rdfs:label="pRef">
  <rdfs:domain rdf:resource="&skos;Concept"/>
  <rdfs:range rdf:resource="&rdfs;Resource"/>
</rdf:Property>

<rdf:Property rdf:about="&niod;vol"
    rdfs:label="vol">
  <rdfs:domain rdf:resource="&skos;Concept"/>
  <rdfs:range rdf:resource="&rdfs;Literal"/>
</rdf:Property>

<rdf:Property rdf:about="&niod;wikiLink"
    rdfs:label="wikiLink">
  <rdfs:domain rdf:resource="&skos;Concept"/>
  <rdfs:range rdf:resource="&rdfs;Literal"/>
</rdf:Property>

</rdf:RDF>
