<?xml version='1.0' encoding='UTF-8'?>
<!DOCTYPE rdf:RDF [
    <!ENTITY amalgame 'http://purl.org/vocabularies/amalgame#'>
    <!ENTITY amexp 'http://localhost/ns/'>
    <!ENTITY niod 'http://purl.org/collections/nl/niod/'>
    <!ENTITY opmv 'http://purl.org/net/opmv/ns#'>
    <!ENTITY rdf 'http://www.w3.org/1999/02/22-rdf-syntax-ns#'>
    <!ENTITY rdfs 'http://www.w3.org/2000/01/rdf-schema#'>
    <!ENTITY skos 'http://www.w3.org/2004/02/skos/core#'>
    <!ENTITY time 'http://www.w3.org/2006/time#'>
    <!ENTITY xsd 'http://www.w3.org/2001/XMLSchema#'>
		<!ENTITY dc 'http://purl.org/dc/elements/1.1/'>

]>

<rdf:RDF
    xmlns:amalgame="&amalgame;"
    xmlns:amexp="&amexp;"
    xmlns:niod="&niod;"
    xmlns:opmv="&opmv;"
    xmlns:rdf="&rdf;"
    xmlns:rdfs="&rdfs;"
    xmlns:skos="&skos;"
    xmlns:time="&time;"
    xmlns:xsd="&xsd;"
		xmlns:dc="&dc;"

>


<meta>
        <dc:identifier>ner_rest_to_niod</dc:identifier>
        <dc:format>rdf/xml</dc:format>
        <dc:type>Resource Description Format</dc:type>
        <dc:coverage>The Netherlands</dc:coverage>
        <dc:coverage>World War II</dc:coverage>
        <dc:creator>De Jong, Loe</dc:creator>
	<dc:publisher>NIOD Instituut voor Oorlogs-, Holocaust- en Genocidestudies</dc:publisher>
        <dc:contributor>Boer, V. de</dc:contributor>
        <dc:contributor>Buitinck, L.</dc:contributor>
        <dc:contributor>Doornik, J. van</dc:contributor>
        <dc:contributor>Grootveld, M.</dc:contributor>
        <dc:contributor>Marx, M.</dc:contributor>
        <dc:contributor>Ribbens, K.</dc:contributor>
        <dc:contributor>Veken, T.</dc:contributor>
        <dc:rights>This work is licensed under a Creative Commons Attribution 3.0 Unported License</dc:rights>
        <dc:date>2012-12-20</dc:date>
        <dc:title>Linked Data versie van de Links van Named Entities naar de NIOD Thesaurus voor 'Het Koninkrijk der Nederlanden in de Tweede Wereldoorlog'</dc:title>
        <dc:description>Linked Data version of Links from Named Entities to the NIOD Thesaurus for 'Het Koninkrijk der Nederlanden in de Tweede Wereldoorlog, digitally enriched and curated for
CLARIN-NL</dc:description>
        <dc:source>http://www.niod.nl/koninkrijk/default.asp</dc:source>
        <dc:subject>Verrijkt Koninkrijk</dc:subject>
        <dc:subject>Koninkrijk der Nederlanden in de Tweede Wereldoorlog</dc:subject>
        <dc:subject>Loe de Jong</dc:subject>
        <dc:subject>Linked Data</dc:subject>
        <dc:subject>Semantic Web</dc:subject>
        <dc:subject>Named Entities</dc:subject>
        <dc:subject>NIOD Thesaurus</dc:subject>
        <dc:subject>RDF</dc:subject>
     <dc:subject>SKOS</dc:subject>
        <dc:relation>De Linked Data versie van de metadata van de verrijkte versie Koninkrijk der Nederlanden in de Tweede
Wereldoorlog [Resource is a version of metadata of 'Verrijkt Koninkrijk'][Relationship described is isVersionOf]</dc:relation>
        <dc:language>nld</dc:language>
    </meta>

<opmv:Agent rdf:about="http://eculture.cs.vu.nl:1914/user/biktorrr"
    rdfs:label="Administrator"/>

<rdf:Description rdf:about="&niod;Bankbiljetten">
  <skos:exactMatch rdf:resource="&niod;entity-Bankbiljetten"/>
</rdf:Description>

<rdf:Description rdf:about="&niod;Berechting">
  <skos:exactMatch rdf:resource="&niod;entity-Berechting"/>
</rdf:Description>

<rdf:Description rdf:about="&niod;Boeddhisme">
  <skos:exactMatch rdf:resource="&niod;entity-Boeddhisme"/>
</rdf:Description>

<rdf:Description rdf:about="&niod;Christendom">
  <skos:exactMatch rdf:resource="&niod;entity-Christendom"/>
</rdf:Description>

<rdf:Description rdf:about="&niod;Communisme">
  <skos:exactMatch rdf:resource="&niod;entity-Communisme"/>
</rdf:Description>

<rdf:Description rdf:about="&niod;Emigratie">
  <skos:exactMatch rdf:resource="&niod;entity-Emigratie"/>
</rdf:Description>

<rdf:Description rdf:about="&niod;Fascisme">
  <skos:exactMatch rdf:resource="&niod;entity-Fascisme"/>
</rdf:Description>

<rdf:Description rdf:about="&niod;Grondwet">
  <skos:exactMatch rdf:resource="&niod;entity-Grondwet"/>
</rdf:Description>

<rdf:Description rdf:about="&niod;Hongerwinter">
  <skos:exactMatch rdf:resource="&niod;entity-Hongerwinter"/>
</rdf:Description>

<rdf:Description rdf:about="&niod;Intocht">
  <skos:exactMatch rdf:resource="&niod;entity-Intocht"/>
</rdf:Description>

<rdf:Description rdf:about="&niod;Karikaturen">
  <skos:exactMatch rdf:resource="&niod;entity-Karikaturen"/>
</rdf:Description>

<rdf:Description rdf:about="&niod;Kranten">
  <skos:exactMatch rdf:resource="&niod;entity-Dagbladen"/>
</rdf:Description>

<rdf:Description rdf:about="&niod;Landmacht">
  <skos:exactMatch rdf:resource="&niod;entity-Landmacht"/>
</rdf:Description>

<rdf:Description rdf:about="&niod;Liberalisme">
  <skos:exactMatch rdf:resource="&niod;entity-Liberalisme"/>
</rdf:Description>

<rdf:Description rdf:about="&niod;Luchtmacht">
  <skos:exactMatch rdf:resource="&niod;entity-Luchtmacht"/>
</rdf:Description>

<rdf:Description rdf:about="&niod;Marxisme">
  <skos:exactMatch rdf:resource="&niod;entity-Marxisme"/>
</rdf:Description>

<rdf:Description rdf:about="&niod;Ministers">
  <skos:exactMatch rdf:resource="&niod;entity-Ministers"/>
</rdf:Description>

<rdf:Description rdf:about="&niod;Nationalisme">
  <skos:exactMatch rdf:resource="&niod;entity-Nationalisme"/>
</rdf:Description>

<rdf:Description rdf:about="&niod;Officieren">
  <skos:exactMatch rdf:resource="&niod;entity-Officieren"/>
</rdf:Description>

<rdf:Description rdf:about="&niod;Oostfront">
  <skos:exactMatch rdf:resource="&niod;entity-Oostfront"/>
</rdf:Description>

<rdf:Description rdf:about="&niod;Opera">
  <skos:exactMatch rdf:resource="&niod;entity-Opera"/>
</rdf:Description>

<rdf:Description rdf:about="&niod;Opmars">
  <skos:exactMatch rdf:resource="&niod;entity-Opmars"/>
</rdf:Description>

<rdf:Description rdf:about="&niod;Pacifisme">
  <skos:exactMatch rdf:resource="&niod;entity-Pacifisme"/>
</rdf:Description>

<rdf:Description rdf:about="&niod;Protestantisme">
  <skos:exactMatch rdf:resource="&niod;entity-Protestantisme"/>
</rdf:Description>

<rdf:Description rdf:about="&niod;Rijksdag">
  <skos:exactMatch rdf:resource="&niod;entity-Rijksdag"/>
</rdf:Description>

<rdf:Description rdf:about="&niod;Rooms-katholicisme">
  <skos:exactMatch rdf:resource="&niod;entity-Katholicisme"/>
</rdf:Description>

<rdf:Description rdf:about="&niod;Schepen">
  <skos:exactMatch rdf:resource="&niod;entity-Schepen"/>
</rdf:Description>

<rdf:Description rdf:about="&niod;Socialisme">
  <skos:exactMatch rdf:resource="&niod;entity-Socialisme"/>
</rdf:Description>

<rdf:Description rdf:about="&niod;Soldaten">
  <skos:exactMatch rdf:resource="&niod;entity-Soldaten"/>
</rdf:Description>

<rdf:Description rdf:about="&niod;Stalinisme">
  <skos:exactMatch rdf:resource="&niod;entity-Stalinisme"/>
</rdf:Description>

<rdf:Description rdf:about="&niod;Standrecht">
  <skos:exactMatch rdf:resource="&niod;entity-Standrecht"/>
</rdf:Description>

<rdf:Description rdf:about="&niod;Steenkolen">
  <skos:exactMatch rdf:resource="&niod;entity-Steenkolen"/>
</rdf:Description>

<rdf:Description rdf:about="&niod;Strafrecht">
  <skos:exactMatch rdf:resource="&niod;entity-Strafrecht"/>
</rdf:Description>

<rdf:Description rdf:about="&niod;Tekeningen">
  <skos:exactMatch rdf:resource="&niod;entity-Tekeningen"/>
</rdf:Description>

<rdf:Description rdf:about="&niod;Terreur">
  <skos:exactMatch rdf:resource="&niod;entity-Terreur"/>
</rdf:Description>

<rdf:Description rdf:about="&niod;Verordeningen">
  <skos:exactMatch rdf:resource="&niod;entity-Verordeningen"/>
</rdf:Description>

<rdf:Description rdf:about="&niod;Vliegtuigen">
  <skos:exactMatch rdf:resource="&niod;entity-Vliegtuigen"/>
</rdf:Description>

<rdf:Description rdf:about="&niod;Voedseldroppings">
  <skos:exactMatch rdf:resource="&niod;entity-Voedseldroppings"/>
</rdf:Description>

<rdf:Description rdf:about="&niod;Wapendroppings">
  <skos:exactMatch rdf:resource="&niod;entity-Wapendroppings"/>
</rdf:Description>

<rdf:Description rdf:about="&niod;Watervoorziening">
  <skos:exactMatch rdf:resource="&niod;entity-Watervoorziening"/>
</rdf:Description>

<rdf:Description rdf:about="&niod;Werkkampen">
  <skos:exactMatch rdf:resource="&niod;entity-Werkkampen"/>
</rdf:Description>

<rdf:Description rdf:about="&niod;Werkverschaffing">
  <skos:exactMatch rdf:resource="&niod;entity-Werkverschaffing"/>
</rdf:Description>

<rdf:Description rdf:about="&niod;Westfront">
  <skos:exactMatch rdf:resource="&niod;entity-Westfront"/>
</rdf:Description>

<rdf:Description rdf:about="&niod;Zionisme">
  <skos:exactMatch rdf:resource="&niod;entity-Zionisme"/>
</rdf:Description>

<opmv:Artifact rdf:about="&amexp;dataset43_flat_triples">
  <opmv:wasDerivedFrom rdf:resource="&amexp;dataset43"/>
  <opmv:wasGeneratedBy>
    <opmv:Process>
      <opmv:wasPerformedBy>
        <rdf:Description/>
      </opmv:wasPerformedBy>
      <opmv:wasPerformedBy rdf:resource="http://eculture.cs.vu.nl:1914/user/biktorrr"/>
      <opmv:used rdf:resource="&amexp;dataset43"/>
      <opmv:wasEndedAt>
        <time:Instant>
          <time:inXSDDateTime rdf:datatype="&xsd;dateTime">2012-11-05T17-57-55+01:00</time:inXSDDateTime>
        </time:Instant>
      </opmv:wasEndedAt>
    </opmv:Process>
  </opmv:wasGeneratedBy>
  <rdf:type rdf:resource="&amalgame;ExportedAlignment"/>
</opmv:Artifact>

<rdf:Description rdf:about="&niod;Aankomst">
  <skos:exactMatch rdf:resource="&niod;entity-Aankomst"/>
</rdf:Description>

<rdf:Description rdf:about="&niod;Aannemers">
  <skos:exactMatch rdf:resource="&niod;entity-Aannemers"/>
</rdf:Description>

<rdf:Description rdf:about="&niod;Adviescommissies">
  <skos:exactMatch rdf:resource="&niod;entity-Adviescommissies"/>
</rdf:Description>

<rdf:Description rdf:about="&niod;Affiches">
  <skos:exactMatch rdf:resource="&niod;entity-Aanplakbiljetten"/>
</rdf:Description>

<rdf:Description rdf:about="&niod;Afscheidsbrieven">
  <skos:exactMatch rdf:resource="&niod;entity-Afscheidsbrieven"/>
</rdf:Description>

<rdf:Description rdf:about="&niod;Afweerdienst">
  <skos:exactMatch rdf:resource="&niod;entity-Afweerdienst"/>
</rdf:Description>

<rdf:Description rdf:about="&niod;Afwikkelingsbureaus">
  <skos:exactMatch rdf:resource="&niod;entity-Afwikkelingsbureaus"/>
</rdf:Description>

<rdf:Description rdf:about="&niod;Agenten">
  <skos:exactMatch rdf:resource="&niod;entity-Agenten"/>
</rdf:Description>

<rdf:Description rdf:about="&niod;Ambtenaren">
  <skos:exactMatch rdf:resource="&niod;entity-Ambtenaren"/>
</rdf:Description>

<rdf:Description rdf:about="&niod;Anarchisme">
  <skos:exactMatch rdf:resource="&niod;entity-Anarchisme"/>
</rdf:Description>

<rdf:Description rdf:about="&niod;Arbeid">
  <skos:exactMatch rdf:resource="&niod;entity-Arbeid"/>
</rdf:Description>

<rdf:Description rdf:about="&niod;Arbeiders">
  <skos:exactMatch rdf:resource="&niod;entity-Arbeiders"/>
</rdf:Description>

<rdf:Description rdf:about="&niod;Arbeidsbemiddeling">
  <skos:exactMatch rdf:resource="&niod;entity-Arbeidsbemiddeling"/>
</rdf:Description>

<rdf:Description rdf:about="&niod;Arbeidsbureaus">
  <skos:exactMatch rdf:resource="&niod;entity-Arbeidsbureaus"/>
</rdf:Description>

<rdf:Description rdf:about="&niod;Arbeidsdienst">
  <skos:exactMatch rdf:resource="&niod;entity-Arbeidsdienst"/>
</rdf:Description>

<rdf:Description rdf:about="&niod;Arbeidsinzet">
  <skos:exactMatch rdf:resource="&niod;entity-Arbeidsinzet"/>
</rdf:Description>

<rdf:Description rdf:about="&niod;Arbeidsvoorwaarden">
  <skos:exactMatch rdf:resource="&niod;entity-Arbeidsvoorwaarden"/>
</rdf:Description>

<rdf:Description rdf:about="&niod;Archieven">
  <skos:exactMatch rdf:resource="&niod;entity-Archieven"/>
</rdf:Description>

<rdf:Description rdf:about="&niod;Architecten">
  <skos:exactMatch rdf:resource="&niod;entity-Architecten"/>
</rdf:Description>

<rdf:Description rdf:about="&niod;Arisering">
  <skos:exactMatch rdf:resource="&niod;entity-Arisering"/>
</rdf:Description>

<rdf:Description rdf:about="&niod;Armenzorg">
  <skos:exactMatch rdf:resource="&niod;entity-Armenzorg"/>
</rdf:Description>

<rdf:Description rdf:about="&niod;Armoede">
  <skos:exactMatch rdf:resource="&niod;entity-Armoede"/>
</rdf:Description>

<rdf:Description rdf:about="&niod;Artillerie">
  <skos:exactMatch rdf:resource="&niod;entity-Artillerie"/>
</rdf:Description>

<rdf:Description rdf:about="&niod;Artsen">
  <skos:exactMatch rdf:resource="&niod;entity-Artsen"/>
</rdf:Description>

<rdf:Description rdf:about="&niod;Artsenverzet">
  <skos:exactMatch rdf:resource="&niod;entity-Artsenverzet"/>
</rdf:Description>

<rdf:Description rdf:about="&niod;Asocialen">
  <skos:exactMatch rdf:resource="&niod;entity-Asocialen"/>
</rdf:Description>

<rdf:Description rdf:about="&niod;Bankwezen">
  <skos:exactMatch rdf:resource="&niod;entity-Bankwezen"/>
</rdf:Description>

<rdf:Description rdf:about="&niod;Beeldende_kunst">
  <skos:exactMatch rdf:resource="&niod;entity-Beeldende_Kunst"/>
</rdf:Description>

<rdf:Description rdf:about="&niod;Beheer">
  <skos:exactMatch rdf:resource="&niod;entity-Beheer"/>
</rdf:Description>

<rdf:Description rdf:about="&niod;Bekendmakingen">
  <skos:exactMatch rdf:resource="&niod;entity-Bekendmakingen"/>
</rdf:Description>

<rdf:Description rdf:about="&niod;Belastingen">
  <skos:exactMatch rdf:resource="&niod;entity-Belastingen"/>
</rdf:Description>

<rdf:Description rdf:about="&niod;Benoemingen">
  <skos:exactMatch rdf:resource="&niod;entity-Installatie"/>
</rdf:Description>

<rdf:Description rdf:about="&niod;Berging">
  <skos:exactMatch rdf:resource="&niod;entity-Berging"/>
</rdf:Description>

<rdf:Description rdf:about="&niod;Besprekingen">
  <skos:exactMatch rdf:resource="&niod;entity-Besprekingen"/>
</rdf:Description>

<rdf:Description rdf:about="&niod;Betalingsverkeer">
  <skos:exactMatch rdf:resource="&niod;entity-Betalingsverkeer"/>
</rdf:Description>

<rdf:Description rdf:about="&niod;Bevolkingsgroepen">
  <skos:exactMatch rdf:resource="&niod;entity-Bevolkingsgroepen"/>
</rdf:Description>

<rdf:Description rdf:about="&niod;Bevolkingsregisters">
  <skos:exactMatch rdf:resource="&niod;entity-Bevolkingsregisters"/>
</rdf:Description>

<rdf:Description rdf:about="&niod;Bevrijding">
  <skos:exactMatch rdf:resource="&niod;entity-Bevrijding"/>
</rdf:Description>

<rdf:Description rdf:about="&niod;Bezetting">
  <skos:exactMatch rdf:resource="&niod;entity-Bezetting"/>
</rdf:Description>

<rdf:Description rdf:about="&niod;Bibliotheken">
  <skos:exactMatch rdf:resource="&niod;entity-Bibliotheken"/>
</rdf:Description>

<rdf:Description rdf:about="&niod;Bijbel">
  <skos:exactMatch rdf:resource="&niod;entity-Bijbel"/>
</rdf:Description>

<rdf:Description rdf:about="&niod;Bijeenkomsten">
  <skos:exactMatch rdf:resource="&niod;entity-Bijeenkomsten"/>
</rdf:Description>

<rdf:Description rdf:about="&niod;Bijltjesdag">
  <skos:exactMatch rdf:resource="&niod;entity-Bijltjesdag"/>
</rdf:Description>

<rdf:Description rdf:about="&niod;Bijzondere_rechtspleging">
  <skos:exactMatch rdf:resource="&niod;entity-Bijzondere_Rechtspleging"/>
</rdf:Description>

<rdf:Description rdf:about="&niod;Bioscopen">
  <skos:exactMatch rdf:resource="&niod;entity-Bioscopen"/>
</rdf:Description>

<rdf:Description rdf:about="&niod;Blitzkrieg">
  <skos:exactMatch rdf:resource="&niod;entity-Blitzkrieg"/>
</rdf:Description>

<rdf:Description rdf:about="&niod;Boerderijen">
  <skos:exactMatch rdf:resource="&niod;entity-Boerderijen"/>
</rdf:Description>

<rdf:Description rdf:about="&niod;Boeren">
  <skos:exactMatch rdf:resource="&niod;entity-Boeren"/>
</rdf:Description>

<rdf:Description rdf:about="&niod;Bombardementen">
  <skos:exactMatch rdf:resource="&niod;entity-Bombardementen"/>
</rdf:Description>

<rdf:Description rdf:about="&niod;Bommen">
  <skos:exactMatch rdf:resource="&niod;entity-Bommen"/>
</rdf:Description>

<rdf:Description rdf:about="&niod;Bommenwerpers">
  <skos:exactMatch rdf:resource="&niod;entity-Bommenwerpers"/>
</rdf:Description>

<rdf:Description rdf:about="&niod;Borden">
  <skos:exactMatch rdf:resource="&niod;entity-Borden"/>
</rdf:Description>

<rdf:Description rdf:about="&niod;Bosbouw">
  <skos:exactMatch rdf:resource="&niod;entity-Bosbouw"/>
</rdf:Description>

<rdf:Description rdf:about="&niod;Bouw">
  <skos:exactMatch rdf:resource="&niod;entity-Bouw"/>
</rdf:Description>

<rdf:Description rdf:about="&niod;Bouwnijverheid">
  <skos:exactMatch rdf:resource="&niod;entity-Bouwnijverheid"/>
</rdf:Description>

<rdf:Description rdf:about="&niod;Brandweer">
  <skos:exactMatch rdf:resource="&niod;entity-Brandweer"/>
</rdf:Description>

<rdf:Description rdf:about="&niod;Brood">
  <skos:exactMatch rdf:resource="&niod;entity-Brood"/>
</rdf:Description>

<rdf:Description rdf:about="&niod;Bruggen">
  <skos:exactMatch rdf:resource="&niod;entity-Bruggen"/>
</rdf:Description>

<rdf:Description rdf:about="&niod;Burgemeesters">
  <skos:exactMatch rdf:resource="&niod;entity-Burgemeesters"/>
</rdf:Description>

<rdf:Description rdf:about="&niod;Burgerlijke_stand">
  <skos:exactMatch rdf:resource="&niod;entity-Burgerlijke_Stand"/>
</rdf:Description>

<rdf:Description rdf:about="&niod;Burgerwacht">
  <skos:exactMatch rdf:resource="&niod;entity-Burgerwacht"/>
</rdf:Description>

<rdf:Description rdf:about="&niod;Christenen">
  <skos:exactMatch rdf:resource="&niod;entity-Christenen"/>
</rdf:Description>

<rdf:Description rdf:about="&niod;Circulaires">
  <skos:exactMatch rdf:resource="&niod;entity-Circulaires"/>
</rdf:Description>

<rdf:Description rdf:about="&niod;Collaboratie">
  <skos:exactMatch rdf:resource="&niod;entity-Collaboratie"/>
</rdf:Description>

<rdf:Description rdf:about="&niod;Commissies">
  <skos:exactMatch rdf:resource="&niod;entity-Commissies"/>
</rdf:Description>

<rdf:Description rdf:about="&niod;Communisten">
  <skos:exactMatch rdf:resource="&niod;entity-Communisten"/>
</rdf:Description>

<rdf:Description rdf:about="&niod;Confectie-industrie">
  <skos:exactMatch rdf:resource="&niod;entity-Confectie-industrie"/>
</rdf:Description>

<rdf:Description rdf:about="&niod;Conferenties">
  <skos:exactMatch rdf:resource="&niod;entity-Conferenties"/>
</rdf:Description>

<rdf:Description rdf:about="&niod;Corruptie">
  <skos:exactMatch rdf:resource="&niod;entity-Corruptie"/>
</rdf:Description>

<rdf:Description rdf:about="&niod;Criminaliteit">
  <skos:exactMatch rdf:resource="&niod;entity-Criminaliteit"/>
</rdf:Description>

<rdf:Description rdf:about="&niod;Crossings">
  <skos:exactMatch rdf:resource="&niod;entity-Crossings"/>
</rdf:Description>

<rdf:Description rdf:about="&niod;Cultuur">
  <skos:exactMatch rdf:resource="&niod;entity-Cultuur"/>
</rdf:Description>

<rdf:Description rdf:about="&niod;Dans">
  <skos:exactMatch rdf:resource="&niod;entity-Dans"/>
</rdf:Description>

<rdf:Description rdf:about="&niod;Delfstoffen">
  <skos:exactMatch rdf:resource="&niod;entity-Delfstoffen"/>
</rdf:Description>

<rdf:Description rdf:about="&niod;Demobilisatie">
  <skos:exactMatch rdf:resource="&niod;entity-Demobilisatie"/>
</rdf:Description>

<rdf:Description rdf:about="&niod;Democratie">
  <skos:exactMatch rdf:resource="&niod;entity-Democratie"/>
</rdf:Description>

<rdf:Description rdf:about="&niod;Demonstraties">
  <skos:exactMatch rdf:resource="&niod;entity-Demonstraties"/>
</rdf:Description>

<rdf:Description rdf:about="&niod;Departementen">
  <skos:exactMatch rdf:resource="&niod;entity-Departementen"/>
</rdf:Description>

<rdf:Description rdf:about="&niod;Deportaties">
  <skos:exactMatch rdf:resource="&niod;entity-Deportaties"/>
</rdf:Description>

<rdf:Description rdf:about="&niod;Deserteurs">
  <skos:exactMatch rdf:resource="&niod;entity-Deserteurs"/>
</rdf:Description>

<rdf:Description rdf:about="&niod;Desertie">
  <skos:exactMatch rdf:resource="&niod;entity-Desertie"/>
</rdf:Description>

<rdf:Description rdf:about="&niod;Deviezen">
  <skos:exactMatch rdf:resource="&niod;entity-Deviezen"/>
</rdf:Description>

<rdf:Description rdf:about="&niod;Diamanten">
  <skos:exactMatch rdf:resource="&niod;entity-Diamanten"/>
</rdf:Description>

<rdf:Description rdf:about="&niod;Dienstweigering">
  <skos:exactMatch rdf:resource="&niod;entity-Dienstweigering"/>
</rdf:Description>

<rdf:Description rdf:about="&niod;Dijken">
  <skos:exactMatch rdf:resource="&niod;entity-Dijken"/>
</rdf:Description>

<rdf:Description rdf:about="&niod;Displaced_Persons">
  <skos:exactMatch rdf:resource="&niod;entity-Displaced_Persons"/>
</rdf:Description>

<rdf:Description rdf:about="&niod;Distributie">
  <skos:exactMatch rdf:resource="&niod;entity-Distributie"/>
</rdf:Description>

<rdf:Description rdf:about="&niod;Distributiekantoren">
  <skos:exactMatch rdf:resource="&niod;entity-Distributiekantoren"/>
</rdf:Description>

<rdf:Description rdf:about="&niod;Documentatie">
  <skos:exactMatch rdf:resource="&niod;entity-Documentatie"/>
</rdf:Description>

<rdf:Description rdf:about="&niod;Documenten">
  <skos:exactMatch rdf:resource="&niod;entity-Documenten"/>
</rdf:Description>

<rdf:Description rdf:about="&niod;Doodstraf">
  <skos:exactMatch rdf:resource="&niod;entity-Doodstraf"/>
</rdf:Description>

<rdf:Description rdf:about="&niod;Doodvonnissen">
  <skos:exactMatch rdf:resource="&niod;entity-Doodvonnissen"/>
</rdf:Description>

<rdf:Description rdf:about="&niod;Douane">
  <skos:exactMatch rdf:resource="&niod;entity-Douane"/>
</rdf:Description>

<rdf:Description rdf:about="&niod;Drukkerijen">
  <skos:exactMatch rdf:resource="&niod;entity-Drukkerijen"/>
</rdf:Description>

<rdf:Description rdf:about="&niod;Dwangarbeiders">
  <skos:exactMatch rdf:resource="&niod;entity-Dwangarbeiders"/>
</rdf:Description>

<rdf:Description rdf:about="&niod;Echtscheidingen">
  <skos:exactMatch rdf:resource="&niod;entity-Echtscheidingen"/>
</rdf:Description>

<rdf:Description rdf:about="&niod;Economie">
  <skos:exactMatch rdf:resource="&niod;entity-Economie"/>
</rdf:Description>

<rdf:Description rdf:about="&niod;Eerste_hulp">
  <skos:exactMatch rdf:resource="&niod;entity-Eerste_Hulp"/>
</rdf:Description>

<rdf:Description rdf:about="&niod;Effectenhandel">
  <skos:exactMatch rdf:resource="&niod;entity-Effectenhandel"/>
</rdf:Description>

<rdf:Description rdf:about="&niod;Eindstrijd">
  <skos:exactMatch rdf:resource="&niod;entity-Eindstrijd"/>
</rdf:Description>

<rdf:Description rdf:about="&niod;Emancipatie">
  <skos:exactMatch rdf:resource="&niod;entity-Emancipatie"/>
</rdf:Description>

<rdf:Description rdf:about="&niod;Emigranten">
  <skos:exactMatch rdf:resource="&niod;entity-Emigranten"/>
</rdf:Description>

<rdf:Description rdf:about="&niod;Endlosung">
  <skos:exactMatch rdf:resource="&niod;entity-Endlosung"/>
</rdf:Description>

<rdf:Description rdf:about="&niod;Energie">
  <skos:exactMatch rdf:resource="&niod;entity-Energie"/>
</rdf:Description>

<rdf:Description rdf:about="&niod;Engelandvaarders">
  <skos:exactMatch rdf:resource="&niod;entity-Engelandvaarders"/>
</rdf:Description>

<rdf:Description rdf:about="&niod;Ereraden">
  <skos:exactMatch rdf:resource="&niod;entity-Ereraden"/>
</rdf:Description>

<rdf:Description rdf:about="&niod;Explosieven">
  <skos:exactMatch rdf:resource="&niod;entity-Explosieven"/>
</rdf:Description>

<rdf:Description rdf:about="&niod;Film">
  <skos:exactMatch rdf:resource="&niod;entity-Film"/>
</rdf:Description>

<rdf:Description rdf:about="&niod;Filmkeuring">
  <skos:exactMatch rdf:resource="&niod;entity-Filmkeuring"/>
</rdf:Description>

<rdf:Description rdf:about="&niod;Fondsen">
  <skos:exactMatch rdf:resource="&niod;entity-Fondsen"/>
</rdf:Description>

<rdf:Description rdf:about="&niod;Frontzorg">
  <skos:exactMatch rdf:resource="&niod;entity-Frontzorg"/>
</rdf:Description>

<rdf:Description rdf:about="&niod;Fuhrerprincipe">
  <skos:exactMatch rdf:resource="&niod;entity-Leidersbeginsel"/>
</rdf:Description>

<rdf:Description rdf:about="&niod;Gaarkeukens">
  <skos:exactMatch rdf:resource="&niod;entity-Centrale_Keukens"/>
</rdf:Description>

<rdf:Description rdf:about="&niod;Geallieerden">
  <skos:exactMatch rdf:resource="&niod;entity-Geallieerden"/>
</rdf:Description>

<rdf:Description rdf:about="&niod;Gebiedsuitbreiding">
  <skos:exactMatch rdf:resource="&niod;entity-Annexatie"/>
</rdf:Description>

<rdf:Description rdf:about="&niod;Gebouwen">
  <skos:exactMatch rdf:resource="&niod;entity-Gebouwen"/>
</rdf:Description>

<rdf:Description rdf:about="&niod;Geld">
  <skos:exactMatch rdf:resource="&niod;entity-Geld"/>
</rdf:Description>

<rdf:Description rdf:about="&niod;Geldzuivering">
  <skos:exactMatch rdf:resource="&niod;entity-Geldzuivering"/>
</rdf:Description>

<rdf:Description rdf:about="&niod;Gelijkschakeling">
  <skos:exactMatch rdf:resource="&niod;entity-GELIJKSCHAKELING"/>
</rdf:Description>

<rdf:Description rdf:about="&niod;Gemachtigden">
  <skos:exactMatch rdf:resource="&niod;entity-Gemachtigden"/>
</rdf:Description>

<rdf:Description rdf:about="&niod;Gemeenten">
  <skos:exactMatch rdf:resource="&niod;entity-Gemeenten"/>
</rdf:Description>

<rdf:Description rdf:about="&niod;Geneeskunde">
  <skos:exactMatch rdf:resource="&niod;entity-Geneeskunde"/>
</rdf:Description>

<rdf:Description rdf:about="&niod;Geruchten">
  <skos:exactMatch rdf:resource="&niod;entity-Geruchten"/>
</rdf:Description>

<rdf:Description rdf:about="&niod;Geschiedschrijving">
  <skos:exactMatch rdf:resource="&niod;entity-Geschiedschrijving"/>
</rdf:Description>

<rdf:Description rdf:about="&niod;Geslachtsziekten">
  <skos:exactMatch rdf:resource="&niod;entity-Geslachtsziekten"/>
</rdf:Description>

<rdf:Description rdf:about="&niod;Gestapo">
  <skos:exactMatch rdf:resource="&niod;entity-Gestapo"/>
</rdf:Description>

<rdf:Description rdf:about="&niod;Gevangenen">
  <skos:exactMatch rdf:resource="&niod;entity-Gevangenen"/>
</rdf:Description>

<rdf:Description rdf:about="&niod;Gevangenissen">
  <skos:exactMatch rdf:resource="&niod;entity-Gevangenissen"/>
</rdf:Description>

<rdf:Description rdf:about="&niod;Gezondheidszorg">
  <skos:exactMatch rdf:resource="&niod;entity-Gezondheidszorg"/>
</rdf:Description>

<rdf:Description rdf:about="&niod;Gijzelaars">
  <skos:exactMatch rdf:resource="&niod;entity-Gijzelaars"/>
</rdf:Description>

<rdf:Description rdf:about="&niod;Gilden">
  <skos:exactMatch rdf:resource="&niod;entity-Gilden"/>
</rdf:Description>

<rdf:Description rdf:about="&niod;Goud">
  <skos:exactMatch rdf:resource="&niod;entity-Goud"/>
</rdf:Description>

<rdf:Description rdf:about="&niod;Gratiebeleid">
  <skos:exactMatch rdf:resource="&niod;entity-Gratiebeleid"/>
</rdf:Description>

<rdf:Description rdf:about="&niod;Graven">
  <skos:exactMatch rdf:resource="&niod;entity-Graven"/>
</rdf:Description>

<rdf:Description rdf:about="&niod;Grensbewaking">
  <skos:exactMatch rdf:resource="&niod;entity-Grensbewaking"/>
</rdf:Description>

<rdf:Description rdf:about="&niod;Grondstoffen">
  <skos:exactMatch rdf:resource="&niod;entity-Grondstoffen"/>
</rdf:Description>

<rdf:Description rdf:about="&niod;Hagespraken">
  <skos:exactMatch rdf:resource="&niod;entity-Hagespraken"/>
</rdf:Description>

<rdf:Description rdf:about="&niod;Hakenkruis">
  <skos:exactMatch rdf:resource="&niod;entity-Hakenkruis"/>
</rdf:Description>

<rdf:Description rdf:about="&niod;Havens">
  <skos:exactMatch rdf:resource="&niod;entity-Havens"/>
</rdf:Description>

<rdf:Description rdf:about="&niod;Herbewapening">
  <skos:exactMatch rdf:resource="&niod;entity-Herbewapening"/>
</rdf:Description>

<rdf:Description rdf:about="&niod;Herdenkingen">
  <skos:exactMatch rdf:resource="&niod;entity-Herdenkingen"/>
</rdf:Description>

<rdf:Description rdf:about="&niod;Herinnering">
  <skos:exactMatch rdf:resource="&niod;entity-Herinnering"/>
</rdf:Description>

<rdf:Description rdf:about="&niod;Herstel">
  <skos:exactMatch rdf:resource="&niod;entity-Herstel"/>
</rdf:Description>

<rdf:Description rdf:about="&niod;Herstelbetalingen">
  <skos:exactMatch rdf:resource="&niod;entity-Herstelbetalingen"/>
</rdf:Description>

<rdf:Description rdf:about="&niod;Hitlergroet">
  <skos:exactMatch rdf:resource="&niod;entity-Hitlergroet"/>
</rdf:Description>

<rdf:Description rdf:about="&niod;Hogescholen">
  <skos:exactMatch rdf:resource="&niod;entity-Hogescholen"/>
</rdf:Description>

<rdf:Description rdf:about="&niod;Honger">
  <skos:exactMatch rdf:resource="&niod;entity-Honger"/>
</rdf:Description>

<rdf:Description rdf:about="&niod;Hoofdkwartier">
  <skos:exactMatch rdf:resource="&niod;entity-Hoofdkwartier"/>
</rdf:Description>

<rdf:Description rdf:about="&niod;Hout">
  <skos:exactMatch rdf:resource="&niod;entity-Hout"/>
</rdf:Description>

<rdf:Description rdf:about="&niod;Huizen">
  <skos:exactMatch rdf:resource="&niod;entity-Huizen"/>
</rdf:Description>

<rdf:Description rdf:about="&niod;Hulp">
  <skos:exactMatch rdf:resource="&niod;entity-Hulp"/>
</rdf:Description>

<rdf:Description rdf:about="&niod;Hulpverlening">
  <skos:exactMatch rdf:resource="&niod;entity-Hulpverlening"/>
</rdf:Description>

<rdf:Description rdf:about="&niod;Humor">
  <skos:exactMatch rdf:resource="&niod;entity-Humor"/>
</rdf:Description>

<rdf:Description rdf:about="&niod;Identificatie">
  <skos:exactMatch rdf:resource="&niod;entity-Identificatie"/>
</rdf:Description>

<rdf:Description rdf:about="&niod;Illegaliteit">
  <skos:exactMatch rdf:resource="&niod;entity-Illegaliteit"/>
</rdf:Description>

<rdf:Description rdf:about="&niod;Imperialisme">
  <skos:exactMatch rdf:resource="&niod;entity-Imperialisme"/>
</rdf:Description>

<rdf:Description rdf:about="&niod;Import">
  <skos:exactMatch rdf:resource="&niod;entity-Import"/>
</rdf:Description>

<rdf:Description rdf:about="&niod;Industrialisatie">
  <skos:exactMatch rdf:resource="&niod;entity-Industrialisatie"/>
</rdf:Description>

<rdf:Description rdf:about="&niod;Infanterie">
  <skos:exactMatch rdf:resource="&niod;entity-Infanterie"/>
</rdf:Description>

<rdf:Description rdf:about="&niod;Inkwartiering">
  <skos:exactMatch rdf:resource="&niod;entity-Inkwartiering"/>
</rdf:Description>

<rdf:Description rdf:about="&niod;Inlevering">
  <skos:exactMatch rdf:resource="&niod;entity-Inlevering"/>
</rdf:Description>

<rdf:Description rdf:about="&niod;Intellectuelen">
  <skos:exactMatch rdf:resource="&niod;entity-Intellectuelen"/>
</rdf:Description>

<rdf:Description rdf:about="&niod;Intelligence">
  <skos:exactMatch rdf:resource="&niod;entity-Intelligence"/>
</rdf:Description>

<rdf:Description rdf:about="&niod;Internering">
  <skos:exactMatch rdf:resource="&niod;entity-Internering"/>
</rdf:Description>

<rdf:Description rdf:about="&niod;Inundaties">
  <skos:exactMatch rdf:resource="&niod;entity-Inundaties"/>
</rdf:Description>

<rdf:Description rdf:about="&niod;Jacht">
  <skos:exactMatch rdf:resource="&niod;entity-Jacht"/>
</rdf:Description>

<rdf:Description rdf:about="&niod;Joden">
  <skos:exactMatch rdf:resource="&niod;entity-Joden"/>
</rdf:Description>

<rdf:Description rdf:about="&niod;Jodendom">
  <skos:exactMatch rdf:resource="&niod;entity-Jodendom"/>
</rdf:Description>

<rdf:Description rdf:about="&niod;Jodenvervolging">
  <skos:exactMatch rdf:resource="&niod;entity-Jodenvervolging"/>
</rdf:Description>

<rdf:Description rdf:about="&niod;Jodenvraagstuk">
  <skos:exactMatch rdf:resource="&niod;entity-Jodenvraagstuk"/>
</rdf:Description>

<rdf:Description rdf:about="&niod;Joodse_Raden">
  <skos:exactMatch rdf:resource="&niod;entity-Joodse_Raden"/>
</rdf:Description>

<rdf:Description rdf:about="&niod;Justitie">
  <skos:exactMatch rdf:resource="&niod;entity-Justitie"/>
</rdf:Description>

<rdf:Description rdf:about="&niod;Kampen">
  <skos:exactMatch rdf:resource="&niod;entity-Kampen"/>
</rdf:Description>

<rdf:Description rdf:about="&niod;Kerken">
  <skos:exactMatch rdf:resource="&niod;entity-Kerken"/>
</rdf:Description>

<rdf:Description rdf:about="&niod;Kinderen">
  <skos:exactMatch rdf:resource="&niod;entity-Kinderen"/>
</rdf:Description>

<rdf:Description rdf:about="&niod;Kindertransporten">
  <skos:exactMatch rdf:resource="&niod;entity-Kindertransporten"/>
</rdf:Description>

<rdf:Description rdf:about="&niod;Kloosters">
  <skos:exactMatch rdf:resource="&niod;entity-Kloosters"/>
</rdf:Description>

<rdf:Description rdf:about="&niod;Knokploegen">
  <skos:exactMatch rdf:resource="&niod;entity-Knokploegen"/>
</rdf:Description>

<rdf:Description rdf:about="&niod;Koeriers">
  <skos:exactMatch rdf:resource="&niod;entity-Koeriers"/>
</rdf:Description>

<rdf:Description rdf:about="&niod;Koninklijk_Huis">
  <skos:exactMatch rdf:resource="&niod;entity-Koninklijk_Huis"/>
</rdf:Description>

<rdf:Description rdf:about="&niod;Kunst">
  <skos:exactMatch rdf:resource="&niod;entity-Kunst"/>
</rdf:Description>

<rdf:Description rdf:about="&niod;Kunstenaars">
  <skos:exactMatch rdf:resource="&niod;entity-Kunstenaars"/>
</rdf:Description>

<rdf:Description rdf:about="&niod;Kunstenaarsverzet">
  <skos:exactMatch rdf:resource="&niod;entity-Kunstenaarsverzet"/>
</rdf:Description>

<rdf:Description rdf:about="&niod;Kunsthandel">
  <skos:exactMatch rdf:resource="&niod;entity-Kunsthandel"/>
</rdf:Description>

<rdf:Description rdf:about="&niod;Kunstroof">
  <skos:exactMatch rdf:resource="&niod;entity-Kunstroof"/>
</rdf:Description>

<rdf:Description rdf:about="&niod;Kustverdediging">
  <skos:exactMatch rdf:resource="&niod;entity-Kustverdediging"/>
</rdf:Description>

<rdf:Description rdf:about="&niod;Landbouw">
  <skos:exactMatch rdf:resource="&niod;entity-Landbouw"/>
</rdf:Description>

<rdf:Description rdf:about="&niod;Landwacht">
  <skos:exactMatch rdf:resource="&niod;entity-Landwacht"/>
</rdf:Description>

<rdf:Description rdf:about="&niod;Lebensborn">
  <skos:exactMatch rdf:resource="&niod;entity-Lebensborn"/>
</rdf:Description>

<rdf:Description rdf:about="&niod;Lebensraum">
  <skos:exactMatch rdf:resource="&niod;entity-Lebensraum"/>
</rdf:Description>

<rdf:Description rdf:about="&niod;Leger">
  <skos:exactMatch rdf:resource="&niod;entity-Leger"/>
</rdf:Description>

<rdf:Description rdf:about="&niod;Legerleiding">
  <skos:exactMatch rdf:resource="&niod;entity-Opperbevel"/>
</rdf:Description>

<rdf:Description rdf:about="&niod;Letterkunde">
  <skos:exactMatch rdf:resource="&niod;entity-Letterkunde"/>
</rdf:Description>

<rdf:Description rdf:about="&niod;Levensonderhoud">
  <skos:exactMatch rdf:resource="&niod;entity-Levensonderhoud"/>
</rdf:Description>

<rdf:Description rdf:about="&niod;Liefde">
  <skos:exactMatch rdf:resource="&niod;entity-Liefde"/>
</rdf:Description>

<rdf:Description rdf:about="&niod;Lijken">
  <skos:exactMatch rdf:resource="&niod;entity-Lijken"/>
</rdf:Description>

<rdf:Description rdf:about="&niod;Liquidaties">
  <skos:exactMatch rdf:resource="&niod;entity-Liquidaties"/>
</rdf:Description>

<rdf:Description rdf:about="&niod;Logistiek">
  <skos:exactMatch rdf:resource="&niod;entity-Bevoorrading"/>
</rdf:Description>

<rdf:Description rdf:about="&niod;Luchtaanvallen">
  <skos:exactMatch rdf:resource="&niod;entity-Luchtaanvallen"/>
</rdf:Description>

<rdf:Description rdf:about="&niod;Luchtbescherming">
  <skos:exactMatch rdf:resource="&niod;entity-Luchtbescherming"/>
</rdf:Description>

<rdf:Description rdf:about="&niod;Luchtlandingen">
  <skos:exactMatch rdf:resource="&niod;entity-Luchtlandingen"/>
</rdf:Description>

<rdf:Description rdf:about="&niod;Luchtpamfletten">
  <skos:exactMatch rdf:resource="&niod;entity-Luchtpamfletten"/>
</rdf:Description>

<rdf:Description rdf:about="&niod;Luchtvaart">
  <skos:exactMatch rdf:resource="&niod;entity-Luchtvaart"/>
</rdf:Description>

<rdf:Description rdf:about="&niod;Maaltijden">
  <skos:exactMatch rdf:resource="&niod;entity-Eten"/>
</rdf:Description>

<rdf:Description rdf:about="&niod;Machines">
  <skos:exactMatch rdf:resource="&niod;entity-Machines"/>
</rdf:Description>

<rdf:Description rdf:about="&niod;Marechaussee">
  <skos:exactMatch rdf:resource="&niod;entity-Marechaussee"/>
</rdf:Description>

<rdf:Description rdf:about="&niod;Mariniers">
  <skos:exactMatch rdf:resource="&niod;entity-Mariniers"/>
</rdf:Description>

<rdf:Description rdf:about="&niod;Medicijnen">
  <skos:exactMatch rdf:resource="&niod;entity-Medicijnen"/>
</rdf:Description>

<rdf:Description rdf:about="&niod;Metalen">
  <skos:exactMatch rdf:resource="&niod;entity-Metalen"/>
</rdf:Description>

<rdf:Description rdf:about="&niod;Middenstand">
  <skos:exactMatch rdf:resource="&niod;entity-Middenstand"/>
</rdf:Description>

<rdf:Description rdf:about="&niod;Mijnenvegers">
  <skos:exactMatch rdf:resource="&niod;entity-Mijnenvegers"/>
</rdf:Description>

<rdf:Description rdf:about="&niod;Militair_gezag">
  <skos:exactMatch rdf:resource="&niod;entity-Militair_Gezag"/>
</rdf:Description>

<rdf:Description rdf:about="&niod;Militarisering">
  <skos:exactMatch rdf:resource="&niod;entity-Militarisering"/>
</rdf:Description>

<rdf:Description rdf:about="&niod;Ministeries">
  <skos:exactMatch rdf:resource="&niod;entity-Ministeries"/>
</rdf:Description>

<rdf:Description rdf:about="&niod;Moslims">
  <skos:exactMatch rdf:resource="&niod;entity-Moslims"/>
</rdf:Description>

<rdf:Description rdf:about="&niod;Munitie">
  <skos:exactMatch rdf:resource="&niod;entity-Munitie"/>
</rdf:Description>

<rdf:Description rdf:about="&niod;Musea">
  <skos:exactMatch rdf:resource="&niod;entity-Musea"/>
</rdf:Description>

<rdf:Description rdf:about="&niod;Muziek">
  <skos:exactMatch rdf:resource="&niod;entity-Muziek"/>
</rdf:Description>

<rdf:Description rdf:about="&niod;Nalatenschappen">
  <skos:exactMatch rdf:resource="&niod;entity-Nalatenschappen"/>
</rdf:Description>

<rdf:Description rdf:about="&niod;Nationaliteitsverlies">
  <skos:exactMatch rdf:resource="&niod;entity-Nederlanderschap"/>
</rdf:Description>

<rdf:Description rdf:about="&niod;Naturalisatie">
  <skos:exactMatch rdf:resource="&niod;entity-Nederlanderschap"/>
</rdf:Description>

<rdf:Description rdf:about="&niod;Natuurbescherming">
  <skos:exactMatch rdf:resource="&niod;entity-Natuurbescherming"/>
</rdf:Description>

<rdf:Description rdf:about="&niod;Neutraliteit">
  <skos:exactMatch rdf:resource="&niod;entity-Neutraliteit"/>
</rdf:Description>

<rdf:Description rdf:about="&niod;Noodkacheltjes">
  <skos:exactMatch rdf:resource="&niod;entity-Noodkacheltjes"/>
</rdf:Description>

<rdf:Description rdf:about="&niod;Olympische_Spelen">
  <skos:exactMatch rdf:resource="&niod;entity-Olympische_Spelen"/>
</rdf:Description>

<rdf:Description rdf:about="&niod;Omroep">
  <skos:exactMatch rdf:resource="&niod;entity-Omroep"/>
</rdf:Description>

<rdf:Description rdf:about="&niod;Onderduikers">
  <skos:exactMatch rdf:resource="&niod;entity-Onderduikers"/>
</rdf:Description>

<rdf:Description rdf:about="&niod;Onderwijs">
  <skos:exactMatch rdf:resource="&niod;entity-Onderwijs"/>
</rdf:Description>

<rdf:Description rdf:about="&niod;Onderzoek">
  <skos:exactMatch rdf:resource="&niod;entity-Onderzoek"/>
</rdf:Description>

<rdf:Description rdf:about="&niod;Onteigening">
  <skos:exactMatch rdf:resource="&niod;entity-Confiscatie"/>
</rdf:Description>

<rdf:Description rdf:about="&niod;Ontvluchtingen">
  <skos:exactMatch rdf:resource="&niod;entity-Ontsnappingen"/>
</rdf:Description>

<rdf:Description rdf:about="&niod;Oorlogsbuit">
  <skos:exactMatch rdf:resource="&niod;entity-Oorlogsbuit"/>
</rdf:Description>

<rdf:Description rdf:about="&niod;Oorlogsgetroffenen">
  <skos:exactMatch rdf:resource="&niod;entity-Oorlogsgetroffenen"/>
</rdf:Description>

<rdf:Description rdf:about="&niod;Oorlogsmisdaden">
  <skos:exactMatch rdf:resource="&niod;entity-Oorlogsmisdaden"/>
</rdf:Description>

<rdf:Description rdf:about="&niod;Oorlogsmisdadigers">
  <skos:exactMatch rdf:resource="&niod;entity-Oorlogsmisdadigers"/>
</rdf:Description>

<rdf:Description rdf:about="&niod;Oorlogspleegkinderen">
  <skos:exactMatch rdf:resource="&niod;entity-Oorlogspleegkinderen"/>
</rdf:Description>

<rdf:Description rdf:about="&niod;Oorlogsrecht">
  <skos:exactMatch rdf:resource="&niod;entity-Oorlogsrecht"/>
</rdf:Description>

<rdf:Description rdf:about="&niod;Oorlogsschade">
  <skos:exactMatch rdf:resource="&niod;entity-Oorlogsschade"/>
</rdf:Description>

<rdf:Description rdf:about="&niod;Oorlogvoering">
  <skos:exactMatch rdf:resource="&niod;entity-Oorlogvoering"/>
</rdf:Description>

<rdf:Description rdf:about="&niod;Oostinzet">
  <skos:exactMatch rdf:resource="&niod;entity-Oostinzet"/>
</rdf:Description>

<rdf:Description rdf:about="&niod;Openbare_orde">
  <skos:exactMatch rdf:resource="&niod;entity-Openbare_Orde"/>
</rdf:Description>

<rdf:Description rdf:about="&niod;Opstanden">
  <skos:exactMatch rdf:resource="&niod;entity-MUITERIJ"/>
</rdf:Description>

<rdf:Description rdf:about="&niod;Opvoeding">
  <skos:exactMatch rdf:resource="&niod;entity-Opvoeding"/>
</rdf:Description>

<rdf:Description rdf:about="&niod;Overheden">
  <skos:exactMatch rdf:resource="&niod;entity-Overheden"/>
</rdf:Description>

<rdf:Description rdf:about="&niod;Overledenen">
  <skos:exactMatch rdf:resource="&niod;entity-Overledenen"/>
</rdf:Description>

<rdf:Description rdf:about="&niod;Overvallen">
  <skos:exactMatch rdf:resource="&niod;entity-Overvallen"/>
</rdf:Description>

<rdf:Description rdf:about="&niod;Pacific-Oorlog">
  <skos:exactMatch rdf:resource="&niod;entity-Pacific-oorlog"/>
</rdf:Description>

<rdf:Description rdf:about="&niod;Papier">
  <skos:exactMatch rdf:resource="&niod;entity-Papier"/>
</rdf:Description>

<rdf:Description rdf:about="&niod;Parachutisten">
  <skos:exactMatch rdf:resource="&niod;entity-Parachutisten"/>
</rdf:Description>

<rdf:Description rdf:about="&niod;Pausen">
  <skos:exactMatch rdf:resource="&niod;entity-Pausen"/>
</rdf:Description>

<rdf:Description rdf:about="&niod;Pensioenen">
  <skos:exactMatch rdf:resource="&niod;entity-Pensioenen"/>
</rdf:Description>

<rdf:Description rdf:about="&niod;Pers">
  <skos:exactMatch rdf:resource="&niod;entity-Pers"/>
</rdf:Description>

<rdf:Description rdf:about="&niod;Personeel">
  <skos:exactMatch rdf:resource="&niod;entity-Personeel"/>
</rdf:Description>

<rdf:Description rdf:about="&niod;Perszuivering">
  <skos:exactMatch rdf:resource="&niod;entity-Perszuivering"/>
</rdf:Description>

<rdf:Description rdf:about="&niod;Pilotenhulp">
  <skos:exactMatch rdf:resource="&niod;entity-Pilotenhulp"/>
</rdf:Description>

<rdf:Description rdf:about="&niod;Plunderingen">
  <skos:exactMatch rdf:resource="&niod;entity-Plunderingen"/>
</rdf:Description>

<rdf:Description rdf:about="&niod;Pogroms">
  <skos:exactMatch rdf:resource="&niod;entity-Pogroms"/>
</rdf:Description>

<rdf:Description rdf:about="&niod;Politie">
  <skos:exactMatch rdf:resource="&niod;entity-Politie"/>
</rdf:Description>

<rdf:Description rdf:about="&niod;Politiek">
  <skos:exactMatch rdf:resource="&niod;entity-Politiek"/>
</rdf:Description>

<rdf:Description rdf:about="&niod;Politionele_acties">
  <skos:exactMatch rdf:resource="&niod;entity-Politionele_Acties"/>
</rdf:Description>

<rdf:Description rdf:about="&niod;Postverkeer">
  <skos:exactMatch rdf:resource="&niod;entity-Postverkeer"/>
</rdf:Description>

<rdf:Description rdf:about="&niod;Propaganda">
  <skos:exactMatch rdf:resource="&niod;entity-Propaganda"/>
</rdf:Description>

<rdf:Description rdf:about="&niod;Prostitutie">
  <skos:exactMatch rdf:resource="&niod;entity-Prostitutie"/>
</rdf:Description>

<rdf:Description rdf:about="&niod;Provincies">
  <skos:exactMatch rdf:resource="&niod;entity-Provincies"/>
</rdf:Description>

<rdf:Description rdf:about="&niod;Publieke_opinie">
  <skos:exactMatch rdf:resource="&niod;entity-Publieke_Opinie"/>
</rdf:Description>

<rdf:Description rdf:about="&niod;Radiotoestellen">
  <skos:exactMatch rdf:resource="&niod;entity-Radiotoestellen"/>
</rdf:Description>

<rdf:Description rdf:about="&niod;Raketten">
  <skos:exactMatch rdf:resource="&niod;entity-Raketten"/>
</rdf:Description>

<rdf:Description rdf:about="&niod;Rapporten">
  <skos:exactMatch rdf:resource="&niod;entity-Rapporten"/>
</rdf:Description>

<rdf:Description rdf:about="&niod;Recht">
  <skos:exactMatch rdf:resource="&niod;entity-Recht"/>
</rdf:Description>

<rdf:Description rdf:about="&niod;Rechterlijke_macht">
  <skos:exactMatch rdf:resource="&niod;entity-Rechterlijke_Macht"/>
</rdf:Description>

<rdf:Description rdf:about="&niod;Rechtspositie">
  <skos:exactMatch rdf:resource="&niod;entity-Rechtspositie"/>
</rdf:Description>

<rdf:Description rdf:about="&niod;Rechtspraak">
  <skos:exactMatch rdf:resource="&niod;entity-Rechtspraak"/>
</rdf:Description>

<rdf:Description rdf:about="&niod;Reclame">
  <skos:exactMatch rdf:resource="&niod;entity-Reclame"/>
</rdf:Description>

<rdf:Description rdf:about="&niod;Recreatie">
  <skos:exactMatch rdf:resource="&niod;entity-Recreatie"/>
</rdf:Description>

<rdf:Description rdf:about="&niod;Regering">
  <skos:exactMatch rdf:resource="&niod;entity-Regering"/>
</rdf:Description>

<rdf:Description rdf:about="&niod;Regeringscommissarissen">
  <skos:exactMatch rdf:resource="&niod;entity-Regeringscommissarissen"/>
</rdf:Description>

<rdf:Description rdf:about="&niod;Registratie">
  <skos:exactMatch rdf:resource="&niod;entity-Registratie"/>
</rdf:Description>

<rdf:Description rdf:about="&niod;Religie">
  <skos:exactMatch rdf:resource="&niod;entity-Godsdienst"/>
</rdf:Description>

<rdf:Description rdf:about="&niod;Represailles">
  <skos:exactMatch rdf:resource="&niod;entity-Represailles"/>
</rdf:Description>

<rdf:Description rdf:about="&niod;Repressie">
  <skos:exactMatch rdf:resource="&niod;entity-Onderdrukking"/>
</rdf:Description>

<rdf:Description rdf:about="&niod;Republikeinen">
  <skos:exactMatch rdf:resource="&niod;entity-Republikeinen"/>
</rdf:Description>

<rdf:Description rdf:about="&niod;Rijksbureaus">
  <skos:exactMatch rdf:resource="&niod;entity-Rijksbureaus"/>
</rdf:Description>

<rdf:Description rdf:about="&niod;Rijksduitsers">
  <skos:exactMatch rdf:resource="&niod;entity-Rijksduitsers"/>
</rdf:Description>

<rdf:Description rdf:about="&niod;Rijkskanselarij">
  <skos:exactMatch rdf:resource="&niod;entity-Rijkskanselarij"/>
</rdf:Description>

<rdf:Description rdf:about="&niod;Rijwielen">
  <skos:exactMatch rdf:resource="&niod;entity-Fietsen"/>
</rdf:Description>

<rdf:Description rdf:about="&niod;Rookwaren">
  <skos:exactMatch rdf:resource="&niod;entity-Tabak"/>
</rdf:Description>

<rdf:Description rdf:about="&niod;Sabotage">
  <skos:exactMatch rdf:resource="&niod;entity-Sabotage"/>
</rdf:Description>

<rdf:Description rdf:about="&niod;Scheepvaart">
  <skos:exactMatch rdf:resource="&niod;entity-Scheepvaart"/>
</rdf:Description>

<rdf:Description rdf:about="&niod;Scholen">
  <skos:exactMatch rdf:resource="&niod;entity-Scholen"/>
</rdf:Description>

<rdf:Description rdf:about="&niod;Schoolverzet">
  <skos:exactMatch rdf:resource="&niod;entity-Schoolverzet"/>
</rdf:Description>

<rdf:Description rdf:about="&niod;Sinti_en_Roma">
  <skos:exactMatch rdf:resource="&niod;entity-Zigeuners"/>
</rdf:Description>

<rdf:Description rdf:about="&niod;Slavernij">
  <skos:exactMatch rdf:resource="&niod;entity-Slavernij"/>
</rdf:Description>

<rdf:Description rdf:about="&niod;Sociale_geschiedenis">
  <skos:exactMatch rdf:resource="&niod;entity-Sociale_Geschiedenis"/>
</rdf:Description>

<rdf:Description rdf:about="&niod;Soevereiniteitsoverdracht">
  <skos:exactMatch rdf:resource="&niod;entity-Soevereiniteitsoverdracht"/>
</rdf:Description>

<rdf:Description rdf:about="&niod;Spionage">
  <skos:exactMatch rdf:resource="&niod;entity-Spionage"/>
</rdf:Description>

<rdf:Description rdf:about="&niod;Spoorwegen">
  <skos:exactMatch rdf:resource="&niod;entity-Spoorwegen"/>
</rdf:Description>

<rdf:Description rdf:about="&niod;Sport">
  <skos:exactMatch rdf:resource="&niod;entity-Sport"/>
</rdf:Description>

<rdf:Description rdf:about="&niod;Staatsbladen">
  <skos:exactMatch rdf:resource="&niod;entity-Staatsbladen"/>
</rdf:Description>

<rdf:Description rdf:about="&niod;Stakingen">
  <skos:exactMatch rdf:resource="&niod;entity-Stakingen"/>
</rdf:Description>

<rdf:Description rdf:about="&niod;Stempels">
  <skos:exactMatch rdf:resource="&niod;entity-Stempels"/>
</rdf:Description>

<rdf:Description rdf:about="&niod;Sterilisatie">
  <skos:exactMatch rdf:resource="&niod;entity-Sterilisatie"/>
</rdf:Description>

<rdf:Description rdf:about="&niod;Steunverlening">
  <skos:exactMatch rdf:resource="&niod;entity-Steunverlening"/>
</rdf:Description>

<rdf:Description rdf:about="&niod;Stichtingen">
  <skos:exactMatch rdf:resource="&niod;entity-Stichtingen"/>
</rdf:Description>

<rdf:Description rdf:about="&niod;Stimmungsberichte">
  <skos:exactMatch rdf:resource="&niod;entity-Stimmungsberichte"/>
</rdf:Description>

<rdf:Description rdf:about="&niod;Stoottroepen">
  <skos:exactMatch rdf:resource="&niod;entity-Stoottroepen"/>
</rdf:Description>

<rdf:Description rdf:about="&niod;Straffen">
  <skos:exactMatch rdf:resource="&niod;entity-Straffen"/>
</rdf:Description>

<rdf:Description rdf:about="&niod;Studenten">
  <skos:exactMatch rdf:resource="&niod;entity-Studenten"/>
</rdf:Description>

<rdf:Description rdf:about="&niod;Studentenverzet">
  <skos:exactMatch rdf:resource="&niod;entity-Studentenverzet"/>
</rdf:Description>

<rdf:Description rdf:about="&niod;Sultanaten">
  <skos:exactMatch rdf:resource="&niod;entity-Sultanaten"/>
</rdf:Description>

<rdf:Description rdf:about="&niod;Synagogen">
  <skos:exactMatch rdf:resource="&niod;entity-Synagogen"/>
</rdf:Description>

<rdf:Description rdf:about="&niod;Tandartsen">
  <skos:exactMatch rdf:resource="&niod;entity-Tandartsen"/>
</rdf:Description>

<rdf:Description rdf:about="&niod;Televisie">
  <skos:exactMatch rdf:resource="&niod;entity-Televisie"/>
</rdf:Description>

<rdf:Description rdf:about="&niod;Tentoonstellingen">
  <skos:exactMatch rdf:resource="&niod;entity-Tentoonstellingen"/>
</rdf:Description>

<rdf:Description rdf:about="&niod;Terugkeer">
  <skos:exactMatch rdf:resource="&niod;entity-Terugkeer"/>
</rdf:Description>

<rdf:Description rdf:about="&niod;Textiel">
  <skos:exactMatch rdf:resource="&niod;entity-Textiel"/>
</rdf:Description>

<rdf:Description rdf:about="&niod;Theater">
  <skos:exactMatch rdf:resource="&niod;entity-Theater"/>
</rdf:Description>

<rdf:Description rdf:about="&niod;Theosofie">
  <skos:exactMatch rdf:resource="&niod;entity-Theosofie"/>
</rdf:Description>

<rdf:Description rdf:about="&niod;Transporten">
  <skos:exactMatch rdf:resource="&niod;entity-Transporten"/>
</rdf:Description>

<rdf:Description rdf:about="&niod;Tribunalen">
  <skos:exactMatch rdf:resource="&niod;entity-Tribunalen"/>
</rdf:Description>

<rdf:Description rdf:about="&niod;Tuchthuizen">
  <skos:exactMatch rdf:resource="&niod;entity-Tuchthuizen"/>
</rdf:Description>

<rdf:Description rdf:about="&niod;Tuinbouw">
  <skos:exactMatch rdf:resource="&niod;entity-Tuinbouw"/>
</rdf:Description>

<rdf:Description rdf:about="&niod;Uitrusting">
  <skos:exactMatch rdf:resource="&niod;entity-Gasmaskers"/>
</rdf:Description>

<rdf:Description rdf:about="&niod;Universiteiten">
  <skos:exactMatch rdf:resource="&niod;entity-Universiteiten"/>
</rdf:Description>

<rdf:Description rdf:about="&niod;V-wapens">
  <skos:exactMatch rdf:resource="&niod;entity-V-wapens"/>
</rdf:Description>

<rdf:Description rdf:about="&niod;Vakbeweging">
  <skos:exactMatch rdf:resource="&niod;entity-Vakbeweging"/>
</rdf:Description>

<rdf:Description rdf:about="&niod;Vakverenigingen">
  <skos:exactMatch rdf:resource="&niod;entity-Vakverenigingen"/>
</rdf:Description>

<rdf:Description rdf:about="&niod;Veeteelt">
  <skos:exactMatch rdf:resource="&niod;entity-Veeteelt"/>
</rdf:Description>

<rdf:Description rdf:about="&niod;Verboden">
  <skos:exactMatch rdf:resource="&niod;entity-Verboden"/>
</rdf:Description>

<rdf:Description rdf:about="&niod;Verdedigingswerken">
  <skos:exactMatch rdf:resource="&niod;entity-Verdedigingswerken"/>
</rdf:Description>

<rdf:Description rdf:about="&niod;Verkeer">
  <skos:exactMatch rdf:resource="&niod;entity-Verkeer"/>
</rdf:Description>

<rdf:Description rdf:about="&niod;Verkiezingen">
  <skos:exactMatch rdf:resource="&niod;entity-Verkiezingen"/>
</rdf:Description>

<rdf:Description rdf:about="&niod;Verlichting">
  <skos:exactMatch rdf:resource="&niod;entity-Licht"/>
</rdf:Description>

<rdf:Description rdf:about="&niod;Verliezen">
  <skos:exactMatch rdf:resource="&niod;entity-Verliezen"/>
</rdf:Description>

<rdf:Description rdf:about="&niod;Vermogens">
  <skos:exactMatch rdf:resource="&niod;entity-Vermogens"/>
</rdf:Description>

<rdf:Description rdf:about="&niod;Vernielingen">
  <skos:exactMatch rdf:resource="&niod;entity-Vernielingen"/>
</rdf:Description>

<rdf:Description rdf:about="&niod;Vertrek">
  <skos:exactMatch rdf:resource="&niod;entity-Vertrek"/>
</rdf:Description>

<rdf:Description rdf:about="&niod;Vertrouwensmannen">
  <skos:exactMatch rdf:resource="&niod;entity-Vertrouwensmannen"/>
</rdf:Description>

<rdf:Description rdf:about="&niod;Verwoestingen">
  <skos:exactMatch rdf:resource="&niod;entity-Verwoestingen"/>
</rdf:Description>

<rdf:Description rdf:about="&niod;Verzet">
  <skos:exactMatch rdf:resource="&niod;entity-Verzet"/>
</rdf:Description>

<rdf:Description rdf:about="&niod;Verzetsgroepen">
  <skos:exactMatch rdf:resource="&niod;entity-Verzetsgroepen"/>
</rdf:Description>

<rdf:Description rdf:about="&niod;Vijfde_Colonne">
  <skos:exactMatch rdf:resource="&niod;entity-Vijfde_Colonne"/>
</rdf:Description>

<rdf:Description rdf:about="&niod;Visserij">
  <skos:exactMatch rdf:resource="&niod;entity-Visserij"/>
</rdf:Description>

<rdf:Description rdf:about="&niod;Vliegvelden">
  <skos:exactMatch rdf:resource="&niod;entity-Vliegvelden"/>
</rdf:Description>

<rdf:Description rdf:about="&niod;Vloot">
  <skos:exactMatch rdf:resource="&niod;entity-Vloot"/>
</rdf:Description>

<rdf:Description rdf:about="&niod;Vluchtelingen">
  <skos:exactMatch rdf:resource="&niod;entity-Vluchtelingen"/>
</rdf:Description>

<rdf:Description rdf:about="&niod;Voeding">
  <skos:exactMatch rdf:resource="&niod;entity-Voeding"/>
</rdf:Description>

<rdf:Description rdf:about="&niod;Voedselvoorziening">
  <skos:exactMatch rdf:resource="&niod;entity-Voedselvoorziening"/>
</rdf:Description>

<rdf:Description rdf:about="&niod;Volksdienst">
  <skos:exactMatch rdf:resource="&niod;entity-Volksdienst"/>
</rdf:Description>

<rdf:Description rdf:about="&niod;Volksduitsers">
  <skos:exactMatch rdf:resource="&niod;entity-Volksduitsers"/>
</rdf:Description>

<rdf:Description rdf:about="&niod;Volksgezondheid">
  <skos:exactMatch rdf:resource="&niod;entity-Volksgezondheid"/>
</rdf:Description>

<rdf:Description rdf:about="&niod;Volksvertegenwoordiging">
  <skos:exactMatch rdf:resource="&niod;entity-Volksvertegenwoordiging"/>
</rdf:Description>

<rdf:Description rdf:about="&niod;Voorlichting">
  <skos:exactMatch rdf:resource="&niod;entity-Voorlichting"/>
</rdf:Description>

<rdf:Description rdf:about="&niod;Voorschriften">
  <skos:exactMatch rdf:resource="&niod;entity-Voorschriften"/>
</rdf:Description>

<rdf:Description rdf:about="&niod;Vorderingen">
  <skos:exactMatch rdf:resource="&niod;entity-Vorderingen"/>
</rdf:Description>

<rdf:Description rdf:about="&niod;Vorstendommen">
  <skos:exactMatch rdf:resource="&niod;entity-Vorstendommen"/>
</rdf:Description>

<rdf:Description rdf:about="&niod;Vrede">
  <skos:exactMatch rdf:resource="&niod;entity-Vrede"/>
</rdf:Description>

<rdf:Description rdf:about="&niod;Vrederechtspraak">
  <skos:exactMatch rdf:resource="&niod;entity-Vrederechtspraak"/>
</rdf:Description>

<rdf:Description rdf:about="&niod;Vreemdelingen">
  <skos:exactMatch rdf:resource="&niod;entity-Vreemdelingen"/>
</rdf:Description>

<rdf:Description rdf:about="&niod;Vrijmetselarij">
  <skos:exactMatch rdf:resource="&niod;entity-Vrijmetselarij"/>
</rdf:Description>

<rdf:Description rdf:about="&niod;Vrijstellingen">
  <skos:exactMatch rdf:resource="&niod;entity-Sperren"/>
</rdf:Description>

<rdf:Description rdf:about="&niod;Vrouwen">
  <skos:exactMatch rdf:resource="&niod;entity-Vrouwen"/>
</rdf:Description>

<rdf:Description rdf:about="&niod;Waarschuwingen">
  <skos:exactMatch rdf:resource="&niod;entity-Waarschuwingen"/>
</rdf:Description>

<rdf:Description rdf:about="&niod;Wapens">
  <skos:exactMatch rdf:resource="&niod;entity-Wapens"/>
</rdf:Description>

<rdf:Description rdf:about="&niod;Waterschappen">
  <skos:exactMatch rdf:resource="&niod;entity-Waterschappen"/>
</rdf:Description>

<rdf:Description rdf:about="&niod;Wederopbouw">
  <skos:exactMatch rdf:resource="&niod;entity-Wederopbouw"/>
</rdf:Description>

<rdf:Description rdf:about="&niod;Wehrmacht">
  <skos:exactMatch rdf:resource="&niod;entity-Wehrmacht"/>
</rdf:Description>

<rdf:Description rdf:about="&niod;Werkloosheid">
  <skos:exactMatch rdf:resource="&niod;entity-Werkloosheid"/>
</rdf:Description>

<rdf:Description rdf:about="&niod;Wetenschappen">
  <skos:exactMatch rdf:resource="&niod;entity-Wetenschappen"/>
</rdf:Description>

<rdf:Description rdf:about="&niod;Widerstand">
  <skos:exactMatch rdf:resource="&niod;entity-Widerstand"/>
</rdf:Description>

<rdf:Description rdf:about="&niod;Winkels">
  <skos:exactMatch rdf:resource="&niod;entity-Winkels"/>
</rdf:Description>

<rdf:Description rdf:about="&niod;Winter">
  <skos:exactMatch rdf:resource="&niod;entity-Winter"/>
</rdf:Description>

<rdf:Description rdf:about="&niod;Winterhulp">
  <skos:exactMatch rdf:resource="&niod;entity-Winterhulp"/>
</rdf:Description>

<rdf:Description rdf:about="&niod;Woningen">
  <skos:exactMatch rdf:resource="&niod;entity-Woningen"/>
</rdf:Description>

<rdf:Description rdf:about="&niod;Zelfmoorden">
  <skos:exactMatch rdf:resource="&niod;entity-Zelfmoorden"/>
</rdf:Description>

<rdf:Description rdf:about="&niod;Ziekenhuizen">
  <skos:exactMatch rdf:resource="&niod;entity-Ziekenhuizen"/>
</rdf:Description>

<rdf:Description rdf:about="&niod;Zomertijd">
  <skos:exactMatch rdf:resource="&niod;entity-Zomertijd"/>
</rdf:Description>

</rdf:RDF>
