<?xml version='1.0' encoding='UTF-8'?>
<!DOCTYPE rdf:RDF [
    <!ENTITY niod 'http://purl.org/collections/nl/niod/'>
    <!ENTITY rdf 'http://www.w3.org/1999/02/22-rdf-syntax-ns#'>
    <!ENTITY skos 'http://www.w3.org/2004/02/skos/core#'>
		<!ENTITY dc 'http://purl.org/dc/elements/1.1/'>

]>

<rdf:RDF
    xmlns:niod="&niod;"
    xmlns:rdf="&rdf;"
    xmlns:skos="&skos;"
		xmlns:dc="&dc;"

>


<meta>
        <dc:identifier>niod_hierarchy</dc:identifier>
        <dc:format>rdf/xml</dc:format>
        <dc:type>Resource Description Format</dc:type>
        <dc:coverage>The Netherlands</dc:coverage>
        <dc:coverage>World War II</dc:coverage>
        <dc:creator>De Jong, Loe</dc:creator>
	<dc:publisher>NIOD Instituut voor Oorlogs-, Holocaust- en Genocidestudies</dc:publisher>
        <dc:contributor>Boer, V. de</dc:contributor>
        <dc:contributor>Buitinck, L.</dc:contributor>
        <dc:contributor>Doornik, J. van</dc:contributor>
        <dc:contributor>Grootveld, M.</dc:contributor>
        <dc:contributor>Marx, M.</dc:contributor>
        <dc:contributor>Ribbens, K.</dc:contributor>
        <dc:contributor>Veken, T.</dc:contributor>
        <dc:rights>This work is licensed under a Creative Commons Attribution 3.0 Unported License</dc:rights>
        <dc:date>2012-12-20</dc:date>
        <dc:title>Linked Data versie van de hierarchie van de NIOD thesaurus ter begeleiding van 'Het Koninkrijk der Nederlanden in de Tweede Wereldoorlog'</dc:title>
        <dc:description>Linked Data version of the hierarchy  the NIOD Thesaurus, to be used in conjunction with 'Het Koninkrijk der Nederlanden in de Tweede Wereldoorlog, digitally enriched and curated for
CLARIN-NL</dc:description>
        <dc:source>http://www.niod.nl/koninkrijk/default.asp</dc:source>
        <dc:subject>Verrijkt Koninkrijk</dc:subject>
        <dc:subject>Koninkrijk der Nederlanden in de Tweede Wereldoorlog</dc:subject>
        <dc:subject>Loe de Jong</dc:subject>
        <dc:subject>Linked Data</dc:subject>
        <dc:subject>Semantic Web</dc:subject>
        <dc:subject>NIOD Thesaurus</dc:subject>
        <dc:subject>hierarchy</dc:subject>
        <dc:subject>RDF</dc:subject>
     <dc:subject>SKOS</dc:subject>
        <dc:relation>De Linked Data versie van de metadata van de verrijkte versie Koninkrijk der Nederlanden in de Tweede
Wereldoorlog [Resource is a version of metadata of 'Verrijkt Koninkrijk'][Relationship described is isVersionOf]</dc:relation>
        <dc:language>nld</dc:language>
    </meta>


<rdf:Description rdf:about="&niod;Aardolie">
  <skos:broader rdf:resource="&niod;Brandstoffen"/>
</rdf:Description>

<rdf:Description rdf:about="&niod;Aftocht">
  <skos:broader rdf:resource="&niod;Troepenbewegingen"/>
</rdf:Description>

<rdf:Description rdf:about="&niod;Alcoholische_dranken">
  <skos:broader rdf:resource="&niod;Dranken"/>
</rdf:Description>

<rdf:Description rdf:about="&niod;Atlassen">
  <skos:broader rdf:resource="&niod;Kaartmateriaal"/>
</rdf:Description>

<rdf:Description rdf:about="&niod;Atoomwapens">
  <skos:broader rdf:resource="&niod;Wapens"/>
</rdf:Description>

<rdf:Description rdf:about="&niod;Auto_s">
  <skos:broader rdf:resource="&niod;Vervoermiddelen"/>
</rdf:Description>

<rdf:Description rdf:about="&niod;Bacteriologische_oorlogvoering">
  <skos:broader rdf:resource="&niod;Oorlogvoering"/>
</rdf:Description>

<rdf:Description rdf:about="&niod;Bankbiljetten">
  <skos:broader rdf:resource="&niod;Geld"/>
</rdf:Description>

<rdf:Description rdf:about="&niod;Beeldhouwkunst">
  <skos:broader rdf:resource="&niod;Beeldende_kunst"/>
</rdf:Description>

<rdf:Description rdf:about="&niod;Berechting">
  <skos:broader rdf:resource="&niod;Rechtspraak"/>
</rdf:Description>

<rdf:Description rdf:about="&niod;Binnenvaart">
  <skos:broader rdf:resource="&niod;Scheepvaart"/>
</rdf:Description>

<rdf:Description rdf:about="&niod;Boeddhisme">
  <skos:broader rdf:resource="&niod;Religie"/>
</rdf:Description>

<rdf:Description rdf:about="&niod;Burgermannenkampen">
  <skos:broader rdf:resource="&niod;Kampen"/>
</rdf:Description>

<rdf:Description rdf:about="&niod;Cabaret">
  <skos:broader rdf:resource="&niod;Kleinkunst"/>
</rdf:Description>

<rdf:Description rdf:about="&niod;Cartoons">
  <skos:broader rdf:resource="&niod;Illustraties"/>
</rdf:Description>

<rdf:Description rdf:about="&niod;Christendom">
  <skos:broader rdf:resource="&niod;Religie"/>
</rdf:Description>

<rdf:Description rdf:about="&niod;Communisme">
  <skos:broader rdf:resource="&niod;Ideologieen"/>
</rdf:Description>

<rdf:Description rdf:about="&niod;Concentratiekampen">
  <skos:broader rdf:resource="&niod;Kampen"/>
</rdf:Description>

<rdf:Description rdf:about="&niod;Concentratiekampsyndroom">
  <skos:broader rdf:resource="&niod;Oorlogstrauma_s"/>
</rdf:Description>

<rdf:Description rdf:about="&niod;Contraspionage">
  <skos:broader rdf:resource="&niod;Spionage"/>
</rdf:Description>

<rdf:Description rdf:about="&niod;Corporatisme">
  <skos:broader rdf:resource="&niod;Staatsinrichting"/>
</rdf:Description>

<rdf:Description rdf:about="&niod;Dagboeken">
  <skos:broader rdf:resource="&niod;Egodocumenten"/>
</rdf:Description>

<rdf:Description rdf:about="&niod;Dodenherdenking">
  <skos:broader rdf:resource="&niod;Herdenkingen"/>
</rdf:Description>

<rdf:Description rdf:about="&niod;Doorgangskampen">
  <skos:broader rdf:resource="&niod;Kampen"/>
</rdf:Description>

<rdf:Description rdf:about="&niod;Drinkwatervoorziening">
  <skos:broader rdf:resource="&niod;Watervoorziening"/>
</rdf:Description>

<rdf:Description rdf:about="&niod;Duikboten">
  <skos:broader rdf:resource="&niod;Schepen"/>
</rdf:Description>

<rdf:Description rdf:about="&niod;Dwangarbeid">
  <skos:broader rdf:resource="&niod;Arbeid"/>
</rdf:Description>

<rdf:Description rdf:about="&niod;Emigratie">
  <skos:broader rdf:resource="&niod;Migratie"/>
</rdf:Description>

<rdf:Description rdf:about="&niod;Fascisme">
  <skos:broader rdf:resource="&niod;Ideologieen"/>
</rdf:Description>

<rdf:Description rdf:about="&niod;Fietsen">
  <skos:broader rdf:resource="&niod;Vervoermiddelen"/>
</rdf:Description>

<rdf:Description rdf:about="&niod;Foto_s">
  <skos:broader rdf:resource="&niod;Illustraties"/>
</rdf:Description>

<rdf:Description rdf:about="&niod;Gedenkplaatsen">
  <skos:related rdf:resource="&niod;Monumenten"/>
</rdf:Description>

<rdf:Description rdf:about="&niod;Georganiseerd_verzet">
  <skos:broader rdf:resource="&niod;Verzet"/>
</rdf:Description>

<rdf:Description rdf:about="&niod;Geschut">
  <skos:broader rdf:resource="&niod;Wapens"/>
</rdf:Description>

<rdf:Description rdf:about="&niod;Gevechtshandelingen">
  <skos:broader rdf:resource="&niod;Oorlogvoering"/>
</rdf:Description>

<rdf:Description rdf:about="&niod;Gevechtsvliegtuigen">
  <skos:broader rdf:resource="&niod;Vliegtuigen"/>
</rdf:Description>

<rdf:Description rdf:about="&niod;Gezinshereniging">
  <skos:broader rdf:resource="&niod;Hereniging"/>
</rdf:Description>

<rdf:Description rdf:about="&niod;Gijzelaarskampen">
  <skos:broader rdf:resource="&niod;Interneringskampen"/>
  <skos:broader rdf:resource="&niod;Kampen"/>
</rdf:Description>

<rdf:Description rdf:about="&niod;Groepsportretten">
  <skos:broader rdf:resource="&niod;Portretten"/>
</rdf:Description>

<rdf:Description rdf:about="&niod;Grondwet">
  <skos:broader rdf:resource="&niod;Wetgeving"/>
</rdf:Description>

<rdf:Description rdf:about="&niod;Hongerwinter">
  <skos:broader rdf:resource="&niod;Winter"/>
</rdf:Description>

<rdf:Description rdf:about="&niod;Hoogverraad">
  <skos:broader rdf:resource="&niod;Verraad"/>
</rdf:Description>

<rdf:Description rdf:about="&niod;Humanisme">
  <skos:broader rdf:resource="&niod;Ideologieen"/>
</rdf:Description>

<rdf:Description rdf:about="&niod;Immigratie">
  <skos:broader rdf:resource="&niod;Migratie"/>
</rdf:Description>

<rdf:Description rdf:about="&niod;Interbellum">
  <skos:broader rdf:resource="&niod;Vooroorlogse_periode"/>
</rdf:Description>

<rdf:Description rdf:about="&niod;Interneringskampen">
  <skos:broader rdf:resource="&niod;Kampen"/>
</rdf:Description>

<rdf:Description rdf:about="&niod;Intocht">
  <skos:broader rdf:resource="&niod;Troepenbewegingen"/>
</rdf:Description>

<rdf:Description rdf:about="&niod;Islam">
  <skos:broader rdf:resource="&niod;Religie"/>
</rdf:Description>

<rdf:Description rdf:about="&niod;Isolationisme">
  <skos:broader rdf:resource="&niod;Ideologieen"/>
</rdf:Description>

<rdf:Description rdf:about="&niod;Jazz">
  <skos:broader rdf:resource="&niod;Muziek"/>
</rdf:Description>

<rdf:Description rdf:about="&niod;Jeugdliteratuur">
  <skos:broader rdf:resource="&niod;Bellettrie"/>
</rdf:Description>

<rdf:Description rdf:about="&niod;Jongenskampen">
  <skos:broader rdf:resource="&niod;Kampen"/>
</rdf:Description>

<rdf:Description rdf:about="&niod;Kampkranten">
  <skos:broader rdf:resource="&niod;Kranten"/>
</rdf:Description>

<rdf:Description rdf:about="&niod;Karikaturen">
  <skos:broader rdf:resource="&niod;Illustraties"/>
</rdf:Description>

<rdf:Description rdf:about="&niod;Kolen">
  <skos:broader rdf:resource="&niod;Brandstoffen"/>
</rdf:Description>

<rdf:Description rdf:about="&niod;Koninklijke_besluiten">
  <skos:broader rdf:resource="&niod;Wetgeving"/>
</rdf:Description>

<rdf:Description rdf:about="&niod;Kranten">
  <skos:broader rdf:resource="&niod;Periodieken"/>
</rdf:Description>

<rdf:Description rdf:about="&niod;Kustvaart">
  <skos:broader rdf:resource="&niod;Scheepvaart"/>
</rdf:Description>

<rdf:Description rdf:about="&niod;Landmacht">
  <skos:broader rdf:resource="&niod;Strijdkrachten"/>
</rdf:Description>

<rdf:Description rdf:about="&niod;Landstrijdkrachten">
  <skos:broader rdf:resource="&niod;Strijdkrachten"/>
</rdf:Description>

<rdf:Description rdf:about="&niod;Liberalisme">
  <skos:broader rdf:resource="&niod;Ideologieen"/>
</rdf:Description>

<rdf:Description rdf:about="&niod;Luchtmacht">
  <skos:broader rdf:resource="&niod;Strijdkrachten"/>
</rdf:Description>

<rdf:Description rdf:about="&niod;Mannenkampen">
  <skos:broader rdf:resource="&niod;Interneringskampen"/>
  <skos:broader rdf:resource="&niod;Kampen"/>
</rdf:Description>

<rdf:Description rdf:about="&niod;Marine">
  <skos:broader rdf:resource="&niod;Strijdkrachten"/>
</rdf:Description>

<rdf:Description rdf:about="&niod;Marxisme">
  <skos:broader rdf:resource="&niod;Ideologieen"/>
</rdf:Description>

<rdf:Description rdf:about="&niod;Massa-executies">
  <skos:broader rdf:resource="&niod;Executies"/>
</rdf:Description>

<rdf:Description rdf:about="&niod;Massagraven">
  <skos:broader rdf:resource="&niod;Graven"/>
</rdf:Description>

<rdf:Description rdf:about="&niod;Ministers">
  <skos:broader rdf:resource="&niod;Kabinetten"/>
</rdf:Description>

<rdf:Description rdf:about="&niod;Motorfietsen">
  <skos:broader rdf:resource="&niod;Vervoermiddelen"/>
</rdf:Description>

<rdf:Description rdf:about="&niod;Muntgeld">
  <skos:broader rdf:resource="&niod;Geld"/>
</rdf:Description>

<rdf:Description rdf:about="&niod;Nationaal-Socialisme">
  <skos:broader rdf:resource="&niod;Ideologieen"/>
</rdf:Description>

<rdf:Description rdf:about="&niod;Nationalisme">
  <skos:broader rdf:resource="&niod;Ideologieen"/>
</rdf:Description>

<rdf:Description rdf:about="&niod;Neofascisme">
  <skos:broader rdf:resource="&niod;Fascisme"/>
  <skos:broader rdf:resource="&niod;Ideologieen"/>
</rdf:Description>

<rdf:Description rdf:about="&niod;Neonazisme">
  <skos:broader rdf:resource="&niod;Ideologieen"/>
  <skos:broader rdf:resource="&niod;Nationaal-Socialisme"/>
</rdf:Description>

<rdf:Description rdf:about="&niod;Noodgeld">
  <skos:broader rdf:resource="&niod;Geld"/>
</rdf:Description>

<rdf:Description rdf:about="&niod;Noodwoningen">
  <skos:broader rdf:resource="&niod;Huisvesting"/>
</rdf:Description>

<rdf:Description rdf:about="&niod;Officieren">
  <skos:broader rdf:resource="&niod;Militairen"/>
</rdf:Description>

<rdf:Description rdf:about="&niod;Oorlogsgraven">
  <skos:broader rdf:resource="&niod;Graven"/>
</rdf:Description>

<rdf:Description rdf:about="&niod;Oorlogsmonumenten">
  <skos:broader rdf:resource="&niod;Monumenten"/>
</rdf:Description>

<rdf:Description rdf:about="&niod;Oorlogsvrijwilligers">
  <skos:broader rdf:resource="&niod;Vrijwilligers"/>
</rdf:Description>

<rdf:Description rdf:about="&niod;Oostfront">
  <skos:broader rdf:resource="&niod;Frontlinies"/>
  <skos:related rdf:resource="&niod;Slagveld"/>
</rdf:Description>

<rdf:Description rdf:about="&niod;Opera">
  <skos:broader rdf:resource="&niod;Muziek"/>
</rdf:Description>

<rdf:Description rdf:about="&niod;Opmars">
  <skos:broader rdf:resource="&niod;Troepenbewegingen"/>
</rdf:Description>

<rdf:Description rdf:about="&niod;Pacifisme">
  <skos:broader rdf:resource="&niod;Ideologieen"/>
</rdf:Description>

<rdf:Description rdf:about="&niod;Pan-Slavisme">
  <skos:broader rdf:resource="&niod;Ideologieen"/>
</rdf:Description>

<rdf:Description rdf:about="&niod;Pangermanisme">
  <skos:broader rdf:resource="&niod;Ideologieen"/>
</rdf:Description>

<rdf:Description rdf:about="&niod;Plattegronden">
  <skos:broader rdf:resource="&niod;Kaartmateriaal"/>
</rdf:Description>

<rdf:Description rdf:about="&niod;Predikanten">
  <skos:broader rdf:resource="&niod;Geestelijken"/>
</rdf:Description>

<rdf:Description rdf:about="&niod;Priesers">
  <skos:broader rdf:resource="&niod;Geestelijken"/>
</rdf:Description>

<rdf:Description rdf:about="&niod;Protestantisme">
  <skos:broader rdf:resource="&niod;Christendom"/>
</rdf:Description>

<rdf:Description rdf:about="&niod;Psychiatrie">
  <skos:broader rdf:resource="&niod;Geneeskunde"/>
</rdf:Description>

<rdf:Description rdf:about="&niod;Psychologische_oorlogvoering">
  <skos:broader rdf:resource="&niod;Oorlogvoering"/>
</rdf:Description>

<rdf:Description rdf:about="&niod;Radiozenders">
  <skos:broader rdf:resource="&niod;Zenders"/>
</rdf:Description>

<rdf:Description rdf:about="&niod;Reservetroepen">
  <skos:broader rdf:resource="&niod;Strijdkrachten"/>
</rdf:Description>

<rdf:Description rdf:about="&niod;Rijksdag">
  <skos:broader rdf:resource="&niod;Volksvertegenwoordiging"/>
</rdf:Description>

<rdf:Description rdf:about="&niod;Rooms-katholicisme">
  <skos:broader rdf:resource="&niod;Christendom"/>
</rdf:Description>

<rdf:Description rdf:about="&niod;Schepen">
  <skos:broader rdf:resource="&niod;Vervoermiddelen"/>
</rdf:Description>

<rdf:Description rdf:about="&niod;Schilderkunst">
  <skos:broader rdf:resource="&niod;Beeldende_kunst"/>
</rdf:Description>

<rdf:Description rdf:about="&niod;Separatisme">
  <skos:broader rdf:resource="&niod;Ideologieen"/>
</rdf:Description>

<rdf:Description rdf:about="&niod;Slagschepen">
  <skos:broader rdf:resource="&niod;Schepen"/>
</rdf:Description>

<rdf:Description rdf:about="&niod;Sleepvaart">
  <skos:broader rdf:resource="&niod;Scheepvaart"/>
</rdf:Description>

<rdf:Description rdf:about="&niod;Socialisme">
  <skos:broader rdf:resource="&niod;Ideologieen"/>
</rdf:Description>

<rdf:Description rdf:about="&niod;Soldaten">
  <skos:broader rdf:resource="&niod;Militairen"/>
</rdf:Description>

<rdf:Description rdf:about="&niod;Spotprenten">
  <skos:broader rdf:resource="&niod;Illustraties"/>
</rdf:Description>

<rdf:Description rdf:about="&niod;Staatsrecht">
  <skos:broader rdf:resource="&niod;Recht"/>
</rdf:Description>

<rdf:Description rdf:about="&niod;Stadhuizen">
  <skos:broader rdf:resource="&niod;Gebouwen"/>
</rdf:Description>

<rdf:Description rdf:about="&niod;Stafkaarten">
  <skos:broader rdf:resource="&niod;Kaartmateriaal"/>
</rdf:Description>

<rdf:Description rdf:about="&niod;Stalinisme">
  <skos:broader rdf:resource="&niod;Ideologieen"/>
</rdf:Description>

<rdf:Description rdf:about="&niod;Standrecht">
  <skos:broader rdf:resource="&niod;Berechting"/>
</rdf:Description>

<rdf:Description rdf:about="&niod;Steenkolen">
  <skos:broader rdf:resource="&niod;Kolen"/>
</rdf:Description>

<rdf:Description rdf:about="&niod;Straatpropaganda">
  <skos:broader rdf:resource="&niod;Propaganda"/>
</rdf:Description>

<rdf:Description rdf:about="&niod;Strafrecht">
  <skos:broader rdf:resource="&niod;Recht"/>
</rdf:Description>

<rdf:Description rdf:about="&niod;Tekeningen">
  <skos:broader rdf:resource="&niod;Illustraties"/>
</rdf:Description>

<rdf:Description rdf:about="&niod;Terreur">
  <skos:broader rdf:resource="&niod;Terrorisme"/>
</rdf:Description>

<rdf:Description rdf:about="&niod;Totalitarisme">
  <skos:broader rdf:resource="&niod;Ideologieen"/>
</rdf:Description>

<rdf:Description rdf:about="&niod;Trams">
  <skos:broader rdf:resource="&niod;Vervoermiddelen"/>
</rdf:Description>

<rdf:Description rdf:about="&niod;Transportvliegtuigen">
  <skos:broader rdf:resource="&niod;Vliegtuigen"/>
</rdf:Description>

<rdf:Description rdf:about="&niod;Treinen">
  <skos:broader rdf:resource="&niod;Vervoermiddelen"/>
</rdf:Description>

<rdf:Description rdf:about="&niod;Variete">
  <skos:broader rdf:resource="&niod;Kleinkunst"/>
</rdf:Description>

<rdf:Description rdf:about="&niod;Vernietigingskampen">
  <skos:broader rdf:resource="&niod;Kampen"/>
</rdf:Description>

<rdf:Description rdf:about="&niod;Verordeningen">
  <skos:broader rdf:resource="&niod;Wetgeving"/>
</rdf:Description>

<rdf:Description rdf:about="&niod;Versperringen">
  <skos:broader rdf:resource="&niod;Blokkade"/>
</rdf:Description>

<rdf:Description rdf:about="&niod;Vleeswaren">
  <skos:broader rdf:resource="&niod;Levensmiddelen"/>
</rdf:Description>

<rdf:Description rdf:about="&niod;Vliegdekschepen">
  <skos:broader rdf:resource="&niod;Schepen"/>
</rdf:Description>

<rdf:Description rdf:about="&niod;Vliegtuigen">
  <skos:broader rdf:resource="&niod;Vervoermiddelen"/>
</rdf:Description>

<rdf:Description rdf:about="&niod;Voedseldroppings">
  <skos:broader rdf:resource="&niod;Droppings"/>
</rdf:Description>

<rdf:Description rdf:about="&niod;Volkshuisvesting">
  <skos:broader rdf:resource="&niod;Huisvesting"/>
</rdf:Description>

<rdf:Description rdf:about="&niod;Vrouwenkampen">
  <skos:broader rdf:resource="&niod;Interneringskampen"/>
  <skos:broader rdf:resource="&niod;Kampen"/>
</rdf:Description>

<rdf:Description rdf:about="&niod;Wapendroppings">
  <skos:broader rdf:resource="&niod;Droppings"/>
</rdf:Description>

<rdf:Description rdf:about="&niod;Watervoorziening">
  <skos:broader rdf:resource="&niod;Drinkwatervoorziening"/>
</rdf:Description>

<rdf:Description rdf:about="&niod;Waterwegen">
  <skos:broader rdf:resource="&niod;Infrastructuur"/>
</rdf:Description>

<rdf:Description rdf:about="&niod;Wegen">
  <skos:broader rdf:resource="&niod;Infrastructuur"/>
</rdf:Description>

<rdf:Description rdf:about="&niod;Werkkampen">
  <skos:broader rdf:resource="&niod;Kampen"/>
</rdf:Description>

<rdf:Description rdf:about="&niod;Werkverschaffing">
  <skos:broader rdf:resource="&niod;Arbeid"/>
</rdf:Description>

<rdf:Description rdf:about="&niod;Westfront">
  <skos:broader rdf:resource="&niod;Frontlinies"/>
</rdf:Description>

<rdf:Description rdf:about="&niod;Zionisme">
  <skos:broader rdf:resource="&niod;Ideologieen"/>
</rdf:Description>

<rdf:Description rdf:about="&niod;Zuivelproducten">
  <skos:broader rdf:resource="&niod;Levensmiddelen"/>
</rdf:Description>

<rdf:Description rdf:about="&niod;Zweefvliegtuigen">
  <skos:broader rdf:resource="&niod;Vliegtuigen"/>
</rdf:Description>

</rdf:RDF>
